195 167
196 177
256 101
195 188
197 159
116 114
98 97
107 105
97 100
105 108
262 260
108 101
263 109
258 268
97 110
259 114
195 182
116 271
107 258
108 257
273 274
105 110
108 105
109 101
97 114
97 107
101 110
105 114
121 267
275 107
266 285
266 257
97 121
100 265
269 278
196 159
101 114
101 284
293 109
108 117
269 105
97 109
97 108
99 97
107 272
107 288
259 110
110 281
256 97
301 303
101 108
99 101
108 259
257 115
272 122
105 260
263 112
98 283
302 308
100 101
257 110
100 105
97 116
108 270
262 291
121 97
101 107
105 109
97 104
115 116
98 265
305 304
109 97
310 306
109 281
108 280
283 279
107 282
265 105
111 295
267 114
107 117
102 105
277 277
297 270
111 114
112 97
265 292
122 340
111 110
100 332
103 101
258 118
260 324
116 97
349 309
300 333
348 283
118 105
353 343
335 109
326 346
257 114
312 105
118 101
279 107
114 111
101 115
116 100
364 107
101 116
277 101
103 282
101 317
107 97
114 117
100 97
111 108
116 105
312 369
354 375
111 107
105 115
309 257
117 110
112 362
278 107
115 257
106 101
265 258
320 319
298 116
386 116
117 122
381 384
320 275
388 379
115 367
105 116
102 114
270 299
385 393
272 110
97 122
98 101
300 121
259 325
97 279
356 295
284 114
109 311
116 101
338 265
300 405
256 377
115 105
98 117
368 403
342 413
257 108
295 107
116 322
257 107
280 97
100 117
108 97
103 272
259 107
374 112
410 416
108 111
417 382
267 279
347 256
122 307
272 284
110 311
115 101
111 116
107 101
115 431
257 122
267 110
108 297
259 122
429 406
115 310
436 432
100 282
121 101
105 107
117 114
115 97
277 103
277 307
115 389
280 299
257 109
356 451
422 114
105 256
257 260
105 122
97 291
108 116
257 342
449 334
462 430
107 259
109 117
279 114
113 117
100 111
109 270
111 121
350 98
104 101
110 111
104 97
114 282
107 280
292 105
102 450
107 121
269 428
103 105
102 97
118 114
467 434
307 107
116 270
321 122
277 315
99 257
321 112
265 282
116 292
103 97
383 122
114 363
100 270
103 116
279 110
101 260
110 97
471 426
264 257
262 107
121 270
265 101
337 108
345 299
109 298
272 291
360 256
115 117
510 258
105 263
97 115
455 259
110 101
270 439
298 109
464 256
115 288
331 257
368 311
116 111
260 323
107 358
105 121
260 101
519 423
360 321
506 319
107 111
509 475
107 318
317 263
347 267
104 117
495 323
479 107
435 122
518 396
515 438
115 118
524 534
121 323
535 485
114 97
532 491
395 270
466 539
336 105
99 105
289 105
288 270
277 105
548 494
100 292
555 299
315 544
117 116
117 107
114 101
118 97
105 325
115 304
116 318
111 319
121 373
111 291
111 115
291 257
420 371
116 116
121 288
118 292
297 331
98 105
108 318
528 537
262 115
370 483
109 105
331 316
121 292
112 103
275 331
106 584
278 114
100 358
98 114
102 101
492 323
115 470
267 116
115 270
115 316
580 575
318 97
100 440
517 585
565 452
119 513
316 437
121 415
109 259
419 112
112 270
97 256
503 602
477 307
378 512
473 601
400 587
399 609
291 105
573 316
103 259
116 257
267 260
326 323
107 271
121 280
345 117
442 99
605 304
498 307
272 114
98 306
116 258
257 319
117 109
111 350
111 337
100 259
103 117
394 298
122 257
371 564
107 419
97 102
311 105
104 298
114 105
635 121
643 396
104 270
456 277
508 280
468 291
112 108
418 285
412 108
332 107
415 330
116 358
275 260
597 442
620 628
102 505
486 650
98 111
378 606
373 330
661 567
280 116
118 270
487 280
663 299
112 341
260 257
273 107
110 108
118 280
103 302
267 317
117 108
101 109
121 282
632 647
520 482
104 292
101 325
400 674
98 259
439 281
407 263
107 257
99 117
428 110
97 260
623 423
105 307
598 282
415 109
316 372
265 406
107 264
107 341
121 380
116 259
337 114
104 258
98 272
412 295
103 292
256 418
105 100
297 281
99 104
122 101
407 256
112 280
112 116
612 710
267 361
99 270
569 469
107 270
328 99
370 122
100 283
366 361
121 105
281 304
341 105
121 341
523 112
121 423
107 298
590 688
729 274
116 280
363 263
103 306
107 309
682 445
104 288
267 701
101 103
718 452
115 280
337 260
315 291
373 328
115 306
656 259
107 116
703 110
117 115
641 107
99 259
110 341
268 433
116 107
698 396
681 507
619 105
115 345
98 282
102 280
526 341
115 426
279 116
421 260
99 115
100 277
118 282
273 366
99 114
259 108
116 283
112 101
104 280
288 97
767 695
121 117
533 738
481 576
615 489
115 321
776 724
106 97
331 281
297 97
114 257
276 411
107 114
363 105
98 394
378 105
633 260
99 281
716 275
112 292
100 257
692 267
262 108
109 280
256 288
627 315
298 270
110 105
101 118
100 396
412 114
116 117
116 447
256 105
115 277
263 260
115 111
107 622
316 257
122 97
420 114
751 512
310 400
668 685
97 275
670 625
817 430
326 103
459 636
816 274
100 345
97 118
109 111
99 111
98 292
115 104
373 111
262 110
98 456
690 336
291 117
107 437
592 502
258 274
106 105
97 383
571 465
319 372
115 358
298 280
104 105
116 281
115 265
316 97
832 323
411 122
558 336
112 111
768 104
267 107
841 299
336 277
99 426
282 760
111 782
313 618
433 100
103 310
101 291
370 112
500 118
265 336
468 779
107 304
116 652
115 259
117 121
110 322
265 361
101 117
278 116
856 860
115 113
115 298
380 875
98 103
651 103
115 271
105 112
527 121
109 264
121 366
104 283
559 304
121 377
280 864
472 307
97 98
115 380
103 865
101 307
889 887
880 452
525 453
465 260
533 298
664 418
121 440
407 109
899 396
520 257
438 361
258 107
600 383
115 292
371 625
890 428
648 371
448 291
103 271
105 104
702 308
476 669
654 330
615 521
626 871
437 299
571 109
859 446
530 693
525 103
444 458
734 387
319 330
115 107
121 281
107 322
434 107
107 345
487 257
786 99
270 97
101 278
579 867
289 488
924 920
115 363
824 101
97 112
440 292
110 277
280 270
638 798
459 437
373 109
122 280
923 553
282 941
107 452
736 665
321 260
588 330
796 952
118 396
951 430
874 957
325 292
458 854
256 568
262 114
102 282
109 283
735 336
109 457
337 371
107 107
116 282
292 930
107 363
103 298
264 97
263 114
470 380
116 306
121 421
335 260
288 257
108 118
121 345
316 316
115 282
334 107
111 99
593 507
527 886
432 270
926 328
114 281
259 109
493 103
115 324
97 395
683 727
272 108
719 723
114 288
504 655
346 107
100 298
118 389
121 398
493 493
400 121
700 116
116 559
316 496
263 110
103 111
277 594
262 285
530 629
809 105
103 114
989 504
104 111
100 324
318 304
325 97
116 330
105 589
115 108
999 500
560 1025
279 115
328 383
1026 299
350 260
104 358
373 420
103 283
104 318
121 257
1005 1003
110 316
830 838
103 270
103 399
422 960
1036 299
297 265
788 263
265 103
115 318
122 117
110 257
116 103
761 118
97 99
100 318
112 120
109 98
308 107
551 274
260 97
472 264
563 857
352 1059
350 1056
267 109
279 411
821 789
350 579
1050 723
589 366
915 604
256 257
272 466
1065 945
260 322
316 103
262 121
103 380
280 257
116 324
761 766
116 380
104 121
109 318
101 121
1067 507
99 280
270 691
607 418
280 281
1078 307
1058 1073
693 457
1023 1085
256 117
595 372
116 361
111 102
109 277
116 302
577 450
846 277
112 114
308 116
116 298
328 122
103 257
291 302
459 257
115 281
115 99
799 336
279 122
121 111
100 398
733 361
107 292
98 380
1101 964
705 280
446 396
108 281
109 265
696 280
435 278
100 302
1019 97
107 373
333 317
97 299
256 270
995 1118
490 629
97 325
456 488
101 289
747 270
948 553
888 448
387 257
111 581
273 259
315 118
818 110
372 291
100 272
98 277
304 655
112 419
288 784
577 330
321 299
726 295
604 260
757 546
100 457
299 122
317 107
291 380
530 453
594 318
697 894
100 280
811 260
962 675
112 105
378 280
115 297
639 102
275 570
350 112
264 297
341 350
115 341
439 97
101 315
116 104
118 514
839 109
107 324
769 435
288 299
279 121
101 111
483 270
366 105
112 117
266 370
281 592
264 115
279 1154
277 444
790 302
291 259
105 102
116 297
109 116
101 100
266 1007
112 577
1045 334
104 277
298 330
109 447
331 372
487 453
372 1182
256 280
275 110
313 382
122 813
1196 304
98 526
616 256
619 744
977 1166
1213 389
623 259
102 292
660 122
97 489
490 330
568 295
109 324
99 277
759 564
121 318
420 121
336 315
109 446
1031 118
116 277
475 107
104 297
389 380
98 322
99 418
292 498
459 607
696 316
111 112
104 399
750 307
278 109
118 98
842 112
104 116
741 331
313 105
366 279
100 271
563 270
336 554
350 669
514 115
321 291
103 440
490 257
763 330
121 271
913 1240
102 1043
1228 1020
1197 101
122 105
595 257
371 109
98 470
592 264
99 265
117 112
99 121
316 280
546 102
115 322
104 281
455 101
902 1261
347 438
263 108
1259 321
121 259
704 322
683 1097
270 523
110 297
562 260
363 793
111 103
1285 1282
260 292
411 1175
119 101
110 117
595 496
100 373
260 105
263 1168
347 278
1235 691
759 107
109 114
103 394
1215 1105
107 470
368 306
323 112
374 325
112 318
121 298
422 108
1207 407
318 330
465 116
100 297
103 108
288 281
526 105
264 331
258 114
1254 306
742 311
1122 279
574 361
115 394
473 109
370 267
572 112
104 1325
116 472
582 257
709 121
370 118
660 260
116 341
331 97
288 100
105 445
256 281
278 115
656 550
358 281
433 118
1305 857
256 1341
338 122
821 378
317 614
262 383
702 108
278 614
98 366
98 341
455 302
468 337
677 105
257 275
318 105
719 270
556 481
102 111
108 553
277 100
116 536
571 328
116 419
742 292
99 292
337 98
383 107
102 341
419 1093
794 570
1147 299
108 488
111 109
270 100
438 1001
358 330
1361 1054
1366 400
382 267
374 107
323 105
493 278
433 121
268 321
378 323
464 108
370 256
256 259
884 315
277 282
109 440
288 114
112 1270
402 302
342 949
370 325
1298 275
1378 1137
315 483
1334 316
593 361
262 116
476 260
109 773
102 318
325 101
1301 444
311 323
804 103
758 122
326 101
453 257
117 291
426 99
380 372
102 358
103 398
1363 102
337 109
374 345
445 485
256 341
122 345
109 110
300 699
101 853
121 110
261 101
298 97
260 270
336 101
103 1244
259 256
994 882
645 481
382 550
270 318
117 100
986 560
616 108
256 1439
260 117
398 307
380 97
1426 261
103 447
270 638
118 447
256 1149
1382 1449
400 487
104 456
272 107
112 322
363 283
772 322
97 278
264 270
102 366
1072 1372
315 965
943 488
109 121
98 1339
264 101
114 324
122 399
313 313
335 114
399 257
1027 853
636 116
419 256
973 307
279 108
112 569
325 270
121 335
104 282
445 361
112 282
102 306
102 281
727 1272
489 285
347 770
292 1047
1487 1264
260 394
476 457
1239 358
781 112
337 116
827 109
675 330
1467 1127
292 322
618 361
474 118
101 444
341 116
481 121
814 330
645 101
490 270
108 330
568 1271
98 257
304 291
742 265
97 267
627 278
474 562
341 1039
100 437
103 277
582 372
458 965
595 97
103 318
119 119
311 101
419 260
99 985
747 330
110 103
117 256
1278 1292
916 116
932 321
99 446
526 366
459 358
680 1435
99 345
291 812
1123 321
117 295
731 914
297 622
1396 1540
1204 457
1165 892
352 278
373 97
561 102
117 260
100 306
378 97
97 593
725 420
337 1329
107 297
420 834
115 440
100 281
317 291
302 259
98 335
98 458
277 270
116 377
103 110
115 622
101 122
407 267
503 358
350 118
516 103
259 260
1040 105
1456 366
100 380
1347 347
122 277
122 341
536 337
103 280
99 297
433 109
740 257
711 304
1309 1436
98 363
118 111
278 307
1150 109
579 394
104 1164
722 1421
407 112
336 339
256 298
347 868
109 257
1249 651
107 366
328 275
366 263
273 263
115 668
422 107
572 652
583 101
105 97
122 104
618 868
256 450
300 1100
621 100
114 366
726 991
1013 1455
603 1515
100 553
280 1011
1290 98
102 399
400 260
582 316
1492 507
99 282
394 101
259 99
363 268
258 1489
110 366
121 630
360 116
265 107
1199 628
115 261
333 100
563 101
933 655
943 367
1257 259
807 906
110 363
324 762
256 458
108 324
115 447
704 906
1178 336
102 116
474 1021
447 321
1471 336
102 265
288 1048
117 103
264 521
262 262
1140 593
122 282
1344 554
458 109
1391 446
848 315
530 316
1635 331
345 1138
110 380
111 562
385 336
257 112
315 109
291 97
626 116
1609 259
118 298
457 418
262 104
574 491
1032 834
1482 433
469 1549
617 570
997 1388
103 316
326 283
297 457
979 270
1437 1138
118 306
317 621
319 955
105 370
316 617
411 107
116 265
472 109
642 1432
315 107
378 101
105 99
98 373
582 97
109 115
697 337
617 112
315 116
98 568
1343 446
121 477
107 457
689 358
283 854
885 311
673 1082
109 107
527 722
848 105
121 787
870 1075
117 371
474 338
279 677
1600 445
111 122
258 110
851 278
1141 270
272 308
318 446
1225 634
1687 1567
1577 107
336 444
109 437
341 420
1625 311
412 107
845 453
98 423
648 117
347 307
490 1090
769 361
114 297
104 447
467 101
1326 115
267 677
260 293
1288 104
317 445
265 366
407 771
116 418
105 258
283 105
574 282
302 302
870 1446
306 315
336 488
261 111
295 834
445 260
264 935
371 104
929 316
109 345
455 802
100 418
262 636
490 653
116 121
1268 1694
1476 115
317 122
979 806
297 112
1677 590
256 297
115 323
673 499
531 299
835 415
100 288
110 399
331 496
302 315
570 116
1422 630
116 1179
527 104
354 263
279 445
319 270
283 101
105 111
1180 496
380 117
1156 117
1562 318
115 477
103 371
289 336
98 345
110 377
270 1102
1018 260
373 288
1190 307
257 489
108 264
1804 321
1355 345
107 316
110 372
448 118
102 559
318 499
109 288
621 553
419 383
102 345
341 103
99 1507
804 448
317 115
328 260
301 110
810 328
116 108
99 630
116 332
1303 1379
579 686
447 116
490 991
1296 260
100 311
260 297
368 256
109 271
291 277
345 380
434 111
371 342
456 367
919 336
862 394
100 1670
377 1322
476 324
1177 114
114 270
469 97
389 281
270 577
115 554
104 363
109 341
385 411
115 568
492 750
1822 321
302 101
291 554
291 316
1647 285
263 116
322 278
260 280
115 121
101 102
634 1084
1079 256
1173 1210
318 844
915 109
116 363
514 321
1871 1020
103 458
1850 340
110 446
1111 122
378 531
1873 318
343 105
330 1195
1886 507
1180 360
257 116
763 917
728 270
1403 415
797 1874
1761 265
265 311
387 316
459 784
1354 114
281 275
326 282
800 330
616 1151
682 1715
912 684
472 112
1410 292
121 340
121 418
433 400
1128 281
616 766
843 257
517 694
717 318
1610 453
279 278
118 373
1860 279
459 97
508 350
825 1843
279 361
1756 299
97 262
508 1179
648 270
109 323
1445 446
429 283
119 97
104 446
1086 439
476 281
315 278
542 103
1849 1164
107 415
1718 102
634 108
261 891
116 323
411 321
256 111
1131 1648
1133 282
109 394
99 107
455 361
456 105
621 280
337 118
336 367
370 651
1944 564
1940 1423
311 280
325 676
1434 382
97 117
421 115
112 104
683 1279
1108 110
101 267
502 1907
783 489
490 415
264 415
527 1277
954 553
1848 396
98 378
1883 256
1081 676
1409 299
448 112
104 264
331 421
848 488
1882 1520
525 257
740 288
104 437
109 568
383 1405
881 101
99 306
279 444
378 108
1590 336
117 448
105 291
116 389
114 277
398 676
121 371
420 672
736 318
279 104
116 345
1184 98
395 105
434 447
280 370
328 115
110 292
267 122
511 115
411 1267
374 370
1932 843
474 325
99 472
420 299
466 808
104 378
1920 299
322 1663
448 256
101 263
372 263
883 277
639 982
464 1077
2024 321
298 482
1984 373
115 112
762 298
336 267
265 367
342 1057
869 1079
315 102
514 1114
1453 440
515 260
805 371
374 321
261 97
260 418
281 415
1974 1726
973 1286
350 2044
115 272
363 380
1033 2047
273 308
2009 1149
99 341
111 838
372 570
458 101
298 267
734 97
270 116
1749 1408
2045 299
328 325
267 1603
109 1523
270 280
308 1191
326 361
1910 1324
300 107
1016 297
370 1206
1210 1038
103 477
101 556
109 309
863 257
291 282
387 694
1248 361
262 617
362 469
412 291
115 378
697 117
313 323
112 311
347 109
102 363
108 98
1418 1009
797 105
260 283
103 100
315 325
689 1106
1399 1724
689 330
370 262
1927 280
2027 299
112 373
621 453
531 260
121 306
855 444
257 725
925 278
884 282
583 367
1966 978
741 117
869 115
830 481
968 295
1827 1586
345 97
301 1799
433 1054
1055 1580
1501 773
279 118
672 285
114 280
282 733
1880 2062
104 458
338 107
366 323
370 275
476 288
503 453
300 114
333 116
318 321
117 325
279 99
474 1991
588 653
438 346
97 655
321 536
292 1575
104 389
772 102
2135 299
104 341
115 377
107 306
728 330
1143 118
315 263
374 1084
508 2132
270 1591
1092 1284
531 337
302 1062
988 336
98 431
504 418
2117 1975
1973 304
797 765
114 264
686 275
265 339
281 97
354 115
908 116
2023 1936
884 270
1829 1742
654 328
112 1526
102 121
341 845
109 378
116 288
316 330
514 107
486 784
502 570
110 270
115 119
337 1825
1205 112
685 110
109 553
118 277
306 1470
2140 715
2188 291
291 421
771 121
891 108
117 511
122 270
1117 330
705 330
2116 373
720 872
448 1284
108 399
1571 2152
481 556
302 444
374 102
99 118
476 280
115 366
1723 2010
468 325
117 99
1951 1629
277 361
438 279
109 373
1846 323
383 791
298 707
97 505
110 437
280 321
411 1957
474 828
447 105
347 587
984 277
101 688
110 282
1201 116
902 458
1300 361
1041 282
498 116
433 256
807 1646
525 1731
321 570
319 100
2097 285
660 321
715 275
115 569
112 283
261 105
119 105
2141 447
104 706
1618 421
457 330
111 100
109 267
354 366
994 105
326 481
98 976
307 109
103 507
1125 288
2153 304
1041 361
97 791
1521 119
279 109
1438 109
288 280
457 257
759 111
680 972
925 1524
474 102
808 444
122 283
291 101
108 288
112 495
556 101
705 270
297 607
1395 257
708 109
537 278
318 275
301 97
1895 263
419 2257
277 97
708 105
108 108
118 257
280 105
975 277
612 278
2178 477
1438 2229
1034 358
1177 360
1909 112
1468 367
2060 1076
270 372
1016 575
2294 304
2252 1283
109 707
259 115
2227 116
319 967
743 122
465 2191
298 281
846 324
1263 102
1046 270
1034 288
567 2052
1107 2221
1466 318
1221 2055
104 423
1639 516
371 110
114 440
117 763
98 271
1463 118
411 1406
278 104
1222 744
577 277
2281 850
98 377
292 779
110 1623
116 1043
259 116
912 1359
775 898
287 500
277 492
377 504
309 694
116 316
438 282
1452 313
415 328
556 894
341 645
363 282
298 1642
935 2301
1626 278
2334 307
806 330
1161 328
595 358
1633 554
1032 1797
995 1689
565 275
277 256
583 315
697 107
465 108
103 297
607 330
383 108
1856 942
2150 366
2236 257
403 642
740 2014
1803 350
851 325
337 1996
102 277
118 281
273 361
280 696
476 115
270 264
347 122
256 310
2326 581
317 109
115 339
106 111
476 257
321 115
110 630
99 283
481 544
122 297
562 299
378 581
916 285
107 1299
992 394
448 318
574 279
531 109
1251 116
1143 107
808 1238
758 323
943 101
105 350
97 394
110 458
435 260
321 831
347 1722
121 568
402 259
313 399
288 1216
104 1624
1141 617
115 264
100 102
465 867
118 318
949 280
267 115
326 499
112 297
260 282
262 701
350 831
2002 430
97 1346
263 516
1725 109
110 298
372 275
1956 366
525 107
311 593
315 115
2430 2158
374 614
826 556
415 1028
313 339
110 378
438 406
313 444
1120 593
101 99
906 361
758 709
442 2064
2293 445
561 2001
2303 299
108 121
563 282
116 272
108 985
618 770
326 279
901 259
1430 275
112 277
495 109
2215 468
870 634
732 988
110 280
1077 350
264 358
105 374
530 653
347 581
400 122
100 707
370 115
2441 110
634 97
101 279
1704 399
411 483
318 101
109 380
1230 278
295 115
654 653
108 377
1413 546
673 2185
490 1679
256 277
318 288
258 263
105 345
337 2420
616 750
1051 99
260 304
1016 99
300 1454
116 267
407 260
486 292
830 106
1394 101
289 282
582 496
702 485
518 457
676 283
407 1475
298 328
265 645
115 488
2139 317
465 1021
980 112
621 257
474 115
775 672
407 122
1479 1824
563 378
115 302
326 1408
100 114
105 468
122 122
378 439
115 373
101 361
1746 114
311 554
436 361
1417 556
1074 1741
107 377
511 108
699 109
110 98
490 328
563 105
270 103
728 588
354 122
826 326
1708 257
664 330
259 112
747 1554
531 112
435 508
1283 399
99 373
112 271
370 260
259 460
108 449
279 1428
525 418
350 115
363 292
109 434
1557 292
366 868
1999 762
118 399
112 319
110 315
809 339
106 117
1564 256
118 477
1170 256
315 361
2380 335
2516 482
307 112
561 109
114 499
117 687
1939 1556
1423 2582
1241 1409
98 561
634 2063
2586 691
2465 2393
711 330
2584 115
2322 103
108 277
270 115
110 318
459 122
429 361
302 699
1319 446
1367 1690
604 108
99 116
110 259
380 380
435 1227
362 115
588 270
400 2075
1128 1981
407 720
370 342
511 256
101 354
108 2528
516 444
112 288
1192 1465
115 335
260 330
370 383
277 551
307 278
328 2431
618 279
97 105
99 298
639 281
556 103
99 1424
298 112
486 316
101 614
370 482
2523 500
442 1055
370 102
322 361
1386 273
270 330
311 1062
105 614
869 116
459 270
107 453
108 898
881 1867
1193 297
115 708
110 434
279 100
604 2522
2039 1759
256 272
289 292
103 561
333 280
514 261
277 714
435 121
790 361
595 316
112 421
1795 97
101 104
383 2289
1072 292
626 699
2163 256
98 121
112 265
508 709
1092 562
329 1379
114 2054
297 1877
98 110
2201 299
921 1444
100 423
530 1898
1394 315
112 394
328 448
297 399
276 315
412 319
280 101
513 110
121 1833
100 477
442 259
1931 762
531 122
893 444
268 2226
976 687
511 775
2026 400
104 114
118 117
612 374
1008 330
686 121
808 283
295 1156
343 277
763 328
1307 2220
400 325
279 407
118 259
270 257
1253 1201
349 277
262 1167
98 477
2333 382
1417 769
282 292
1633 367
435 2671
118 1624
362 109
360 99
101 120
313 410
434 117
1302 330
291 694
280 100
348 561
790 469
111 372
315 360
1448 330
105 315
1343 2315
100 335
381 2068
347 1317
1133 361
101 485
1145 270
490 917
102 298
1902 1504
842 97
97 831
98 389
107 369
109 103
315 382
942 423
1917 2752
345 101
500 2366
102 435
260 311
118 283
288 358
448 482
1004 2137
329 382
112 358
933 275
407 104
1859 560
105 1317
311 277
310 259
307 813
101 765
1294 283
453 437
577 653
429 652
309 111
465 109
465 104
2425 560
372 122
117 97
750 2251
720 282
419 262
260 358
861 259
1112 1570
2710 687
270 516
104 259
104 306
262 772
447 330
304 116
117 775
1211 308
1790 273
266 2131
263 278
2721 559
673 598
509 1611
370 438
372 260
262 500
264 105
419 489
504 97
516 118
119 111
270 791
292 298
280 121
2378 689
108 345
1943 687
112 298
111 299
323 107
1079 2621
672 794
100 377
2112 260
318 1373
627 347
291 488
103 546
258 614
465 115
422 118
97 307
102 434
472 498
1413 114
1550 336
256 415
1459 1229
320 358
531 118
1383 2837
2417 588
318 328
110 121
370 2166
448 1674
100 121
514 982
1204 330
607 257
1344 2265
370 963
325 105
1789 642
313 1387
514 694
121 369
102 324
114 109
2348 1002
292 311
395 97
2563 341
121 800
116 279
775 2387
278 102
1171 117
562 1866
725 630
2416 561
421 256
508 493
121 419
412 673
687 115
526 1183
420 775
533 257
114 379
788 1337
1384 877
107 379
954 297
672 588
304 275
272 315
743 383
354 261
108 502
411 982
118 1717
99 362
318 341
1231 297
289 361
1273 107
342 115
109 377
2803 556
311 278
1445 345
283 116
112 378
330 297
107 976
2012 818
758 105
1369 263
328 291
1752 485
348 495
1230 336
664 2187
1351 699
433 263
2872 2498
373 892
502 672
474 278
746 282
594 97
540 383
109 419
1365 101
700 298
373 898
99 1385
115 334
1302 117
488 263
562 112
315 260
105 317
475 481
457 316
1637 1279
686 118
306 98
267 121
313 554
261 373
399 280
104 265
1161 330
101 483
118 265
598 306
711 374
711 256
110 116
1045 491
1352 110
270 105
556 277
98 709
101 720
1774 270
1280 282
630 295
110 394
2370 370
280 2287
281 1837
1780 936
648 298
1155 533
314 107
2888 2657
1710 282
1217 560
336 323
321 275
685 108
387 847
317 112
1493 295
117 319
341 691
914 374
980 102
328 2978
121 394
321 342
122 292
1144 1308
105 551
1628 447
112 366
472 268
1330 1547
119 394
303 267
2962 360
523 122
279 279
121 358
711 1119
260 341
766 369
1800 112
304 1102
318 653
2832 1507
387 330
583 322
372 101
295 299
399 292
1199 116
685 114
633 1191
2780 525
1169 521
341 469
109 2419
504 694
311 367
105 105
1995 278
459 1218
260 664
422 256
282 116
1227 731
1027 554
411 103
335 112
261 282
459 2879
1766 278
563 322
114 259
1002 493
448 262
325 446
262 325
2992 2506
266 717
262 791
115 283
2999 274
438 2199
103 652
1942 104
633 1105
263 350
997 256
1547 281
447 482
307 116
633 430
2936 260
266 728
119 109
2898 1057
1150 416
1892 689
1081 708
109 569
370 636
771 1427
828 103
2670 279
3010 1142
2709 341
1403 2341
102 283
807 2828
2956 516
337 421
278 99
116 423
2374 107
700 731
298 469
366 101
115 827
121 333
111 98
102 117
583 444
651 330
901 1082
311 407
561 100
842 116
265 1063
1006 278
1153 694
398 1785
275 1536
770 872
2700 551
676 277
98 787
2080 1782
1069 285
321 1284
109 389
319 328
313 1381
304 1734
114 322
711 350
394 361
267 1686
260 277
298 1127
122 109
1145 330
2987 350
316 299
107 281
588 328
536 121
112 499
515 108
352 105
320 2871
99 474
101 112
101 400
1145 328
307 614
1153 1076
106 115
456 361
99 447
311 267
527 445
309 3104
106 270
445 279
98 267
107 319
270 316
536 108
525 988
328 354
270 763
1879 278
568 389
881 259
119 825
675 898
109 1683
1564 687
2145 281
499 321
716 1220
102 334
567 687
3046 400
506 281
594 115
1350 256
321 118
786 369
100 115
114 1106
112 477
115 787
1566 1820
102 322
1052 330
1092 1734
2129 1009
347 709
472 445
313 367
267 374
1538 115
2124 762
2450 677
1352 328
3106 115
638 3150
380 100
1153 257
109 108
831 370
317 97
912 439
469 731
360 2272
2073 3058
121 367
295 109
2610 275
271 322
411 2902
110 403
687 1598
1464 330
370 606
486 101
2520 1119
790 271
122 366
122 419
2687 551
499 361
301 98
604 115
503 330
279 406
281 3190
734 3207
370 98
107 732
115 399
3168 368
260 689
260 942
617 489
870 337
2306 336
420 109
282 277
100 640
337 110
292 862
839 108
388 257
101 1010
448 394
719 418
926 647
580 297
590 853
1582 383
277 1987
272 121
1511 118
1286 546
579 316
288 366
486 453
266 275
1278 383
913 1393
486 1393
772 2406
1265 110
360 115
101 261
99 267
1656 1516
121 629
299 118
289 550
3222 278
1231 447
366 446
281 1589
433 2955
2242 1307
728 107
972 361
440 992
975 265
2337 281
400 278
103 121
101 445
470 110
121 115
524 317
107 787
112 259
260 706
1574 411
112 411
2998 299
417 292
2643 415
2331 109
1356 330
481 444
1280 278
328 278
1004 366
1483 318
1251 504
2424 446
921 372
2253 576
2267 894
383 291
2504 446
412 2321
98 434
2542 504
809 985
383 686
801 291
3210 110
1402 469
347 118
1353 444
500 115
598 1949
435 325
278 299
301 315
975 399
122 2980
107 335
2362 328
417 2121
1969 315
1736 101
486 257
99 3126
2830 315
313 1348
597 670
116 453
448 102
97 103
422 109
114 446
733 406
1033 116
1033 311
1112 676
371 114
2991 104
400 1365
1311 1483
673 259
525 330
912 285
112 675
726 319
550 284
270 374
1225 330
3296 315
108 341
499 394
1393 287
440 2597
419 285
313 101
288 562
1013 331
291 292
337 791
3169 715
318 257
435 109
2080 546
520 379
2084 283
474 489
291 847
103 358
963 2342
733 277
110 447
1781 1750
411 345
921 1415
111 506
885 292
2785 303
298 288
277 111
1205 1837
2170 2876
626 1695
698 270
703 116
300 527
394 258
258 382
511 698
116 626
277 116
1057 283
101 1052
420 469
862 438
287 1813
262 421
845 1412
372 118
105 574
476 264
2765 382
353 105
793 315
774 770
324 334
3065 1038
1634 361
337 805
119 292
415 1370
104 323
638 1736
304 112
686 2763
271 366
277 317
563 369
770 101
121 433
299 112
3370 262
258 975
2698 3293
341 270
2340 748
108 367
345 111
426 299
731 2008
256 358
262 122
110 2224
122 265
98 569
1350 117
1004 902
818 112
102 421
804 814
1593 1104
280 1019
572 1376
3431 270
1231 317
256 1453
503 270
849 382
3155 786
98 546
1012 316
530 330
275 114
2798 336
2462 3049
297 105
1499 813
1004 2126
806 107
972 277
2267 101
814 328
2247 362
3157 371
873 362
262 256
648 97
826 113
914 1941
262 2237
1411 1531
97 411
2410 489
704 101
99 1420
436 110
2073 358
490 280
328 1010
472 121
450 1745
476 270
267 722
298 297
310 616
891 100
318 1692
358 1022
100 546
2082 330
3153 354
1281 259
633 108
260 380
366 374
731 453
465 325
256 283
323 278
258 1277
576 103
728 112
2960 936
266 684
278 325
378 104
775 511
97 106
280 493
261 270
320 684
482 446
825 2133
264 1335
307 121
3250 1119
2437 279
109 458
577 917
109 664
3008 1074
3185 1671
621 457
121 107
516 119
263 561
1311 295
307 122
1992 516
457 917
806 97
324 1335
342 342
97 828
411 370
102 407
881 361
374 115
107 518
892 372
814 270
116 872
272 2756
373 448
583 488
336 322
113 3054
527 118
370 1508
1888 336
271 302
1478 978
354 256
687 328
2319 992
3438 3376
571 1506
301 1104
435 112
476 493
2092 322
954 707
389 288
709 886
329 1348
516 109
2545 982
2487 328
469 1160
699 750
1115 117
807 291
1126 393
320 457
114 316
393 328
882 322
117 486
1286 103
309 812
371 115
603 285
2340 2194
101 574
321 448
1032 1156
380 496
114 459
2162 1111
520 1104
3502 1648
97 669
1399 322
291 453
588 97
322 1691
265 481
321 104
280 974
1641 103
103 341
968 109
370 291
2395 275
115 122
281 731
1650 109
1352 122
620 107
649 281
256 1200
711 2893
282 100
976 117
117 120
638 299
422 1191
1112 361
350 263
581 100
116 560
494 285
283 270
468 115
2857 642
288 459
317 766
411 284
279 260
1120 278
369 112
842 2855
333 366
563 292
114 318
536 109
318 331
948 707
476 316
97 2290
256 302
562 383
275 285
109 302
2602 102
546 325
2979 621
2412 380
265 279
568 319
616 308
531 1442
1710 770
1615 270
378 109
112 115
1012 331
2580 318
309 2675
818 114
1230 407
436 2228
109 980
1553 117
439 457
121 447
757 1415
1560 323
111 279
277 322
447 101
3510 715
350 740
1566 3556
576 828
323 3601
267 524
117 504
591 550
2809 988
264 453
122 318
531 303
499 322
1140 297
115 340
104 394
1253 275
122 914
3061 283
752 445
108 99
348 114
717 380
98 362
885 282
262 275
1236 331
469 1751
1227 362
270 270
862 283
531 665
786 298
760 420
798 358
389 469
1364 278
814 892
101 714
455 279
281 1982
117 1021
2007 481
2624 119
1211 1555
487 1090
459 415
474 874
435 807
315 317
317 333
279 448
116 748
115 606
686 483
1222 115
328 1263
686 1035
2656 1663
2436 331
2170 1532
1614 936
697 380
984 105
929 97
407 100
1535 100
828 3523
1312 280
103 362
979 330
621 318
731 105
302 1555
800 955
3703 307
1221 435
511 460
1030 1671
2478 347
319 3740
1550 550
2111 101
3606 115
101 964
1919 1220
279 1475
318 917
456 263
458 277
489 331
422 273
797 617
811 319
3271 1703
474 594
283 872
3558 277
3137 263
308 469
272 3559
110 499
1950 319
914 594
499 279
257 782
281 1872
100 453
525 3455
725 331
291 323
504 257
1115 380
1177 350
546 112
106 282
516 614
629 330
503 421
1133 406
268 105
111 1573
1358 576
122 111
280 342
110 496
270 2274
117 433
317 665
256 316
2560 1324
551 3348
256 560
727 744
974 263
117 1483
316 955
511 295
1672 507
2240 1402
773 791
265 283
3720 936
105 98
99 109
765 297
380 559
765 256
110 272
2447 336
2418 894
260 281
908 277
319 1104
736 298
1329 1229
979 2038
3747 343
520 102
2901 446
634 3327
616 99
280 330
968 465
843 316
3244 389
105 118
490 453
306 278
1169 257
116 328
1977 378
3062 783
318 292
267 576
1826 1106
292 262
400 444
962 1538
117 621
1120 514
122 322
337 295
101 321
563 446
2310 3498
733 279
476 340
1777 275
288 2923
277 318
3204 3760
270 111
925 105
3246 639
1035 291
347 121
1330 281
323 97
1096 2812
2041 331
264 366
122 505
116 630
435 556
256 1270
2488 1430
804 116
1546 3521
667 383
2246 451
514 319
531 420
108 315
809 343
104 345
570 794
260 2626
262 2861
913 499
694 263
633 291
762 277
107 421
341 1193
420 107
433 328
583 1226
717 973
508 288
851 1337
338 1224
107 302
683 115
2558 2781
2154 295
556 115
3012 1256
119 341
933 116
1006 2282
567 97
673 324
412 791
122 453
1557 554
459 1051
504 316
929 763
295 114
112 121
407 325
716 1335
292 1220
503 457
1801 1819
748 261
306 574
1150 1760
343 322
112 2950
104 271
102 257
725 1312
270 1148
492 115
1293 288
2910 336
2192 2364
116 379
109 783
1983 275
1934 720
370 412
2373 839
121 622
476 2932
3542 561
433 1241
111 278
378 3938
433 361
1288 1870
415 794
273 464
100 264
338 975
466 3616
904 331
526 691
394 121
2906 570
334 614
1735 983
621 1104
1074 3868
3850 299
97 265
310 913
119 446
258 109
98 421
1069 3599
260 434
373 1075
313 2620
986 3681
387 292
118 264
1956 1183
806 263
372 283
370 1062
509 2335
1815 1698
103 642
892 1446
294 105
1093 263
108 1390
2444 270
620 101
280 773
115 707
677 691
2270 2630
291 270
418 275
435 267
1320 336
474 275
97 712
645 105
347 1531
1915 489
1972 1120
114 514
100 362
307 2931
700 3483
1267 116
435 581
320 453
1171 2959
302 750
101 581
455 282
1417 282
102 316
394 374
415 1103
260 446
350 262
519 2557
734 1595
1383 277
2790 4016
511 112
326 277
1568 560
1317 348
270 588
121 272
464 2501
576 493
350 256
406 374
103 415
322 279
1491 1792
2650 382
474 267
3573 681
1800 412
341 556
802 1267
317 483
825 117
1461 551
114 345
347 1830
481 97
1178 550
4037 2640
1545 791
104 257
2311 331
1340 481
256 367
272 2324
326 2360
1420 2813
272 118
612 1094
298 1336
99 378
111 791
1010 103
699 121
256 271
722 291
861 366
511 98
733 317
348 652
1802 101
117 102
980 489
695 770
1781 299
280 843
421 112
121 109
103 2967
116 477
589 309
686 4076
407 278
1707 421
292 407
831 316
347 3658
110 691
266 2889
306 267
281 453
1859 270
101 508
2626 4088
3486 4089
689 107
473 115
4090 2032
474 99
1314 3538
556 116
517 281
108 298
521 978
527 109
299 116
1419 396
99 560
262 299
3389 1322
447 97
1513 1485
594 1767
98 107
551 97
1158 257
711 107
292 101
720 1094
687 416
377 2176
119 514
122 446
2822 1332
368 101
741 337
257 291
2446 3345
1411 485
1283 1470
263 471
97 963
908 2708
403 110
104 316
984 101
103 945
98 418
2245 375
448 2327
588 1022
1215 1191
4134 97
1004 306
574 872
3960 4052
1273 686
360 121
700 330
261 1238
882 382
1641 481
110 449
311 550
686 321
3468 787
499 121
267 118
270 514
517 275
122 676
106 366
2401 521
3929 828
1107 298
769 1151
747 2186
4061 394
891 257
3384 307
551 315
260 2353
476 1802
3977 295
265 323
2102 333
331 453
490 457
962 380
415 97
968 2644
551 112
1481 2924
422 1427
110 324
1206 372
345 105
102 270
574 283
962 117
264 459
3634 748
588 257
551 100
433 354
1665 1234
257 257
1040 3076
98 554
4070 2894
344 257
1774 330
350 278
574 1345
270 453
429 311
1752 642
121 448
304 118
2148 1570
306 488
98 3304
287 1048
914 2039
1120 108
108 724
626 616
256 985
282 458
279 949
1096 282
108 343
1300 374
311 336
102 447
2842 299
3547 275
1257 322
3918 2900
1143 1386
1774 1554
579 330
1510 720
370 503
526 265
372 354
378 488
1374 341
1767 521
104 449
118 748
262 112
720 322
1433 4005
311 394
1493 877
645 453
3738 270
440 259
315 482
3390 4214
116 653
913 2557
421 102
115 769
1031 494
1522 886
561 2125
417 2866
457 415
265 97
464 102
808 322
517 847
99 358
1351 361
1044 411
1568 2462
400 1406
1224 281
1943 831
309 797
280 794
310 282
421 118
2788 1573
474 112
1046 330
514 394
1437 1373
4122 588
1814 380
3053 280
402 101
1514 446
102 2722
109 423
607 270
1477 101
328 103
371 107
814 1075
772 469
2996 3215
433 438
114 323
112 264
1011 118
2111 97
119 280
457 328
1419 371
2938 1696
3487 1010
398 259
590 556
384 1038
726 117
378 2243
3698 1006
115 771
372 1793
1854 270
806 2658
403 116
367 1308
1834 275
262 1656
1851 275
1416 116
1311 1119
444 277
277 99
112 561
345 500
3075 321
374 99
282 307
292 99
117 421
1018 112
292 3808
298 1125
1842 2546
708 280
103 332
1072 278
705 967
469 825
433 267
2678 107
280 366
1046 358
474 260
3537 1597
616 574
1459 844
929 457
309 298
2339 1627
1171 380
2816 834
412 116
2328 382
888 2538
420 116
1413 447
699 1097
347 3235
1143 527
3971 829
2402 279
1514 458
804 974
315 406
884 97
1125 3610
1587 877
1566 115
112 267
1002 103
426 103
278 469
111 793
264 575
728 955
3992 298
400 99
275 1669
117 1336
109 297
260 505
862 114
270 446
311 714
699 112
731 421
2358 396
112 1691
323 4314
412 772
116 335
345 496
1502 411
400 1233
495 581
1171 1075
110 1532
272 685
309 358
415 2261
1392 653
1777 1708
891 2092
742 477
1265 117
1490 418
1834 521
277 1001
2090 1597
598 673
362 328
451 416
3504 645
341 101
1293 689
370 669
2083 550
116 2470
757 114
256 265
325 318
1508 1336
496 330
2038 1506
300 260
1030 316
1155 550
266 1076
3787 457
1443 444
417 1881
974 593
814 281
313 292
378 554
2255 299
1114 101
1092 700
4022 316
1790 305
330 101
112 748
1814 3395
826 267
4248 259
256 800
1392 1090
366 322
301 500
646 444
2106 105
258 3835
705 328
2546 321
256 379
1238 1380
445 109
300 1839
279 350
103 288
511 116
997 1248
1293 980
328 256
811 372
121 283
299 374
1306 1038
1100 323
3471 285
1746 642
107 423
116 664
468 109
1868 4079
471 105
648 898
490 1404
3198 361
3346 1234
634 945
97 448
551 298
3819 843
278 1863
1330 493
793 757
104 373
407 118
997 361
98 440
802 2458
378 2463
706 283
709 118
3844 593
1881 740
1486 282
1257 3691
494 316
1190 361
370 97
272 475
1027 339
475 103
523 3625
112 257
504 1681
337 775
122 526
264 843
2718 838
275 1864
2831 267
641 1573
357 107
505 361
350 97
100 449
1274 354
498 277
439 839
103 345
468 121
464 279
361 805
420 104
331 2773
530 1808
802 1686
4489 1721
551 1239
800 257
3890 3473
370 1734
363 101
309 847
420 1556
2119 1778
448 1115
676 400
4342 445
106 322
271 2126
104 366
559 330
818 109
1199 317
337 1643
109 502
808 270
326 1390
1074 318
506 112
2263 4523
265 607
3515 256
728 97
979 898
1351 1570
517 257
1533 285
2433 275
102 457
111 267
107 109
370 2041
2339 3895
474 1930
378 1553
4566 326
101 347
298 1370
291 367
119 110
3745 317
107 653
313 1735
1752 475
759 122
523 109
633 109
1165 111
883 444
1308 347
672 523
281 280
444 366
704 1173
1034 277
2268 277
2020 284
438 1063
103 559
2040 2125
298 111
363 458
470 2181
313 446
1217 330
444 107
1778 825
266 486
1523 2171
326 292
835 257
116 115
2580 3503
107 2509
421 669
699 108
1644 618
2481 105
627 263
1416 1593
863 331
2577 3505
2802 323
807 354
4559 645
304 617
1074 991
1132 263
1306 4092
256 323
434 306
292 333
1012 582
294 339
260 431
270 101
97 1402
581 315
258 871
516 4463
2873 275
112 434
2085 789
281 925
306 1598
114 121
531 2195
102 418
98 371
683 108
1545 1682
1693 260
516 102
717 3584
768 366
2274 1087
516 2086
366 1010
104 505
1395 1234
2192 3445
109 316
3224 331
2457 475
1113 2609
434 1717
114 394
4233 546
395 282
335 110
1658 394
932 2941
2882 109
458 3199
2318 336
805 834
281 2205
1946 1038
736 358
258 1010
504 105
752 722
272 444
317 120
2376 374
112 664
288 1376
3619 885
603 588
117 104
1368 109
1347 302
845 321
270 4684
363 554
433 574
1933 111
4334 1520
901 2204
3289 358
450 714
412 1996
288 1106
4688 1128
105 590
263 1337
511 109
504 275
1276 322
111 1201
374 118
1638 336
672 330
3412 1695
325 1374
3151 122
363 488
514 847
2003 330
118 324
366 109
299 570
264 839
800 321
445 406
1255 331
2521 103
2337 783
1115 97
257 1551
258 809
1373 389
1561 330
412 371
429 394
112 363
366 406
378 107
4174 416
117 1092
298 108
344 372
654 270
260 298
325 477
458 105
279 317
798 3543
103 373
288 1104
328 112
884 4320
4643 1793
112 475
1115 496
1803 116
313 1246
304 570
1051 551
100 980
1584 801
2508 336
121 526
102 288
2874 464
110 787
116 787
422 2377
4324 311
107 1043
118 323
429 374
504 383
4477 105
99 379
1293 942
516 121
282 103
280 297
846 665
426 115
1039 105
411 885
282 315
117 465
305 331
954 275
2886 406
373 2169
311 428
277 374
306 97
641 370
266 97
398 1862
285 421
736 1852
448 562
3630 464
1816 278
517 97
916 617
514 270
612 2864
1288 394
740 1805
261 2593
3961 828
696 983
104 440
469 4387
1171 98
747 328
2247 1703
762 361
769 464
1319 868
702 3124
1358 4601
583 277
112 324
4275 789
313 744
110 265
1789 394
2945 4069
492 101
420 621
692 278
100 341
435 1221
645 496
2650 1348
105 284
387 270
705 617
4527 893
523 649
301 1349
626 3777
3428 103
4130 309
672 105
307 508
115 398
1992 475
291 1189
109 118
422 4736
1737 262
862 642
885 263
3887 105
320 257
447 2014
263 885
112 642
426 119
334 112
112 4537
4009 1767
1387 330
3417 1227
259 102
4841 3900
4135 278
1041 279
1031 115
783 383
270 297
734 109
3115 451
116 449
3837 97
1032 107
3161 1111
1508 1908
374 261
814 2642
749 316
994 516
2402 361
583 2459
302 4105
1425 1055
304 262
281 316
277 107
2938 1249
118 311
1034 350
851 1021
616 1622
116 470
332 110
366 278
322 846
2099 318
111 117
114 2335
844 106
103 1271
2099 2282
482 589
715 97
122 1192
740 418
1410 477
1143 464
407 4231
830 103
3026 419
1479 1695
2685 418
2388 383
1027 267
468 256
516 99
112 389
281 1336
112 281
435 466
2453 4207
265 278
972 872
2896 694
1241 345
1247 361
1008 281
942 1481
4221 893
415 1040
2382 992
103 118
881 282
1392 1690
526 985
2408 882
2146 1866
916 1167
278 122
4867 1155
469 885
347 411
531 562
476 1102
1262 321
1205 107
498 101
279 374
1905 411
1612 109
350 709
549 105
466 456
101 360
861 101
256 675
3458 1457
280 399
373 980
476 116
121 297
318 319
295 112
1340 103
719 97
102 373
493 115
265 108
324 323
1023 4962
1015 445
270 324
262 845
99 323
595 825
370 278
112 306
288 421
3814 256
1668 278
318 1960
802 277
1052 653
260 1708
465 474
326 894
788 311
311 324
106 121
323 122
647 257
469 316
1751 521
1356 256
1051 418
1354 112
122 259
1169 316
103 379
953 582
759 560
1718 107
1142 4447
367 1559
281 4996
341 974
4292 4981
574 481
288 527
1490 330
2919 315
263 1477
275 2728
419 1519
116 373
474 119
772 338
2042 275
573 1681
337 1047
318 626
804 645
2389 1819
264 315
350 503
949 102
573 97
901 1862
114 453
3737 279
324 1119
2296 550
696 283
1727 331
1331 416
1123 3908
341 97
2412 1833
1319 1830
1790 2634
1618 415
4892 677
117 278
1251 330
448 275
1280 849
105 101
4965 731
260 318
411 1563
260 328
697 1493
109 396
1007 1495
2713 1006
660 1047
3448 3120
261 446
2034 492
731 418
778 285
315 587
582 437
4839 103
496 115
519 992
2144 4794
574 317
827 315
4002 614
317 321
122 306
1140 3171
281 270
826 1548
744 3793
576 97
321 1206
1031 112
360 278
118 322
298 794
2453 3071
1993 3007
319 3495
3713 5078
2400 1442
1218 285
115 109
520 328
4315 847
2392 283
412 763
107 115
1317 1227
350 383
4921 4675
3275 853
292 4773
350 665
1638 550
412 372
412 439
2915 122
295 99
568 675
725 1075
115 449
2771 361
400 100
104 380
3733 844
323 297
1247 279
604 99
345 521
1291 520
112 559
845 629
100 783
974 2279
3472 551
4565 3018
474 263
3381 550
408 1189
106 447
1868 686
511 1074
2109 893
110 1811
1462 263
317 121
429 323
594 1002
814 1022
772 394
487 316
4744 382
1142 316
4354 1961
2834 707
1959 523
398 322
398 292
3522 3987
2481 914
1122 4500
490 288
279 354
1634 677
4680 453
465 814
101 406
278 1743
1126 1855
992 440
708 116
97 433
345 331
328 267
516 4177
1265 559
1117 629
5140 1164
323 277
316 588
504 847
861 308
4082 2244
590 278
2510 1142
368 2812
2554 341
472 3245
770 282
2453 382
520 270
784 102
309 486
3420 112
3492 614
741 521
3050 1686
530 1087
1308 287
3329 446
1111 117
309 983
302 445
438 720
315 121
116 680
509 114
4357 551
525 1022
3281 445
1638 278
311 807
100 997
277 720
1103 3324
940 849
474 382
338 445
265 267
3602 1522
97 2256
265 421
459 316
612 116
3962 1947
883 486
805 486
906 279
112 1429
2028 546
115 721
583 336
1416 1046
112 345
97 283
1233 714
267 435
527 102
1895 1010
747 447
382 407
112 2305
2148 361
281 257
1422 262
105 262
115 3974
4152 1912
1418 257
429 332
5172 686
1077 415
331 794
1509 2804
705 457
2536 456
118 675
279 1201
645 275
741 1106
272 112
471 267
315 1586
469 107
936 109
3884 1691
772 99
421 111
2127 114
337 115
115 789
307 740
1490 654
1006 277
101 618
583 554
668 116
110 306
104 721
5244 564
292 111
301 330
434 511
262 1346
338 1262
2372 383
292 282
115 370
2006 1173
696 642
277 1057
328 570
4801 302
260 477
514 812
1469 448
1501 1458
3692 3751
259 4646
429 2986
373 2642
572 3757
291 339
968 116
621 316
536 116
487 328
801 97
300 2555
2145 330
106 380
456 970
306 367
102 1334
101 119
3337 2478
1486 872
322 4854
765 444
481 315
963 5095
448 548
5146 1291
953 331
266 1359
311 970
433 122
2702 762
929 1268
121 302
2911 488
717 257
4730 421
411 445
508 638
98 295
112 2419
2928 2756
350 1814
3258 330
105 299
105 289
105 333
1296 725
1429 988
279 1916
426 112
288 418
788 374
435 965
331 1819
1141 330
3236 256
1615 3988
399 3324
4462 581
3907 316
114 378
337 122
1013 4451
508 5335
4789 669
280 3301
5197 5343
697 3524
363 514
1466 581
298 262
379 978
818 489
2090 270
280 1047
825 389
281 256
1911 382
378 818
1126 411
260 2193
2519 448
607 629
2661 3035
292 1002
3934 834
112 272
4816 4761
2982 652
401 302
861 1062
901 101
270 955
281 546
476 297
106 292
1033 282
679 383
648 447
1161 270
264 456
4699 383
3490 5378
259 725
1063 284
483 265
1979 263
2127 112
345 321
726 684
119 277
258 108
370 2086
1392 629
4594 270
3413 285
553 1234
1468 554
110 920
476 4910
520 629
940 267
280 1294
446 374
638 5356
3142 936
1491 2307
2877 319
1622 1627
906 1497
902 846
968 108
1307 5396
335 107
863 707
583 618
5354 4186
108 334
2466 1172
455 3011
110 100
530 1370
696 812
843 372
378 367
645 257
265 1345
1399 101
122 323
686 1206
574 101
2502 263
5429 577
297 707
901 603
328 1519
1306 275
940 278
262 603
595 588
977 278
272 407
108 2180
2738 1172
2646 319
4897 345
304 1100
292 107
1561 629
514 2708
466 5443
378 504
4632 595
258 278
307 118
3506 336
1960 115
306 328
1937 5353
888 806
2124 270
97 1337
765 280
807 5383
278 2826
112 1080
514 328
5173 651
577 328
455 1151
968 319
592 295
1967 1370
288 500
790 3893
1211 1055
111 118
434 389
3373 1249
4701 493
4209 256
686 116
1008 630
3418 1420
1876 2681
2524 1627
641 315
492 279
309 1009
732 444
2595 847
444 347
1892 707
490 617
5437 1104
3133 614
831 1111
1429 791
468 319
1738 550
373 805
1668 377
1044 336
948 2180
751 508
318 629
264 812
476 1104
1514 257
790 423
363 466
324 3214
98 367
1560 101
2692 416
2128 1470
279 393
975 116
3678 277
105 483
884 4317
270 275
556 446
953 257
511 2853
5210 2013
1580 660
3712 106
5345 299
2949 843
1046 316
322 1294
487 330
1332 262
2838 1107
2617 107
5444 399
594 288
330 1511
1008 280
111 394
1110 1905
2026 3095
861 550
260 272
576 445
417 435
4038 533
3063 550
291 983
699 604
509 267
1405 448
306 444
315 112
1265 295
1561 256
573 421
771 100
2426 2283
114 341
1615 330
516 122
2101 330
1983 421
706 2686
5108 1465
689 1324
4316 97
99 559
411 315
105 103
381 523
417 469
3496 102
932 560
281 457
103 265
278 118
1568 1430
119 3834
280 99
289 101
492 715
1002 97
4060 259
4254 849
1233 438
5434 715
455 271
1296 112
954 280
278 2273
2228 277
790 282
689 3707
5110 1144
1177 1754
1161 2977
532 99
975 278
598 1082
1081 446
1909 576
620 322
567 372
842 298
2138 574
260 1522
4741 116
621 2683
1217 1495
1443 263
1387 1376
297 283
676 1466
649 2165
802 475
4522 112
100 554
378 279
323 475
1933 492
642 118
295 1669
122 358
447 108
325 111
881 302
476 597
3213 1812
626 992
533 330
1365 1466
1340 2360
2317 494
298 1707
948 502
892 117
119 104
3469 2146
117 105
2243 2360
1077 116
403 3322
3203 721
465 433
326 1110
498 105
3418 1332
530 270
863 319
612 970
422 1233
1479 440
426 838
321 1003
264 277
829 111
1705 744
2234 323
722 112
2611 295
446 318
1942 2208
870 630
1464 328
3335 617
1012 257
482 458
110 110
292 435
99 561
102 426
5130 3795
98 302
4179 423
641 318
1074 3160
3592 437
1227 2605
2323 453
660 109
436 677
487 629
583 278
2072 322
1527 560
3587 321
257 328
3233 464
110 3159
3642 491
3117 361
2175 639
516 720
4010 1483
825 1527
2082 328
265 374
843 281
1006 2279
3981 504
115 263
279 1380
280 707
758 1474
1619 446
2685 791
4328 308
2381 361
350 267
1312 421
481 317
531 99
259 750
5517 3406
1004 101
677 4252
506 277
97 263
417 516
110 444
1099 720
760 630
2764 109
304 1206
260 825
4071 694
589 394
806 4590
802 278
604 407
261 107
347 1773
1692 263
2795 260
1185 1519
1144 1936
788 283
366 2440
382 270
262 460
412 115
471 3018
1018 1057
319 358
482 2327
444 283
511 372
1205 669
1217 525
2652 112
470 330
366 333
5595 481
3391 936
527 5736
318 457
5252 366
632 330
100 626
551 645
2001 5148
1440 361
273 347
3882 992
1115 582
1247 445
1817 309
306 108
115 1453
863 275
464 112
1047 3007
1112 292
612 849
4003 494
1144 97
291 630
408 339
3129 581
733 1345
511 321
4630 4217
377 411
118 341
3256 336
1354 299
433 279
3857 360
1123 121
1634 279
307 2545
826 372
378 2799
5793 112
338 115
260 605
1914 585
863 684
5564 267
2669 825
1117 328
723 4628
1356 955
1069 291
1557 323
301 1889
115 319
2263 853
433 766
363 367
1336 330
435 5190
378 708
489 1220
1575 2390
275 109
264 265
279 511
465 772
321 1107
3665 1760
1809 446
1125 1179
508 97
256 2470
321 669
3372 893
319 105
862 292
97 342
399 270
2324 302
2144 1721
520 330
288 331
1618 4098
1330 371
1967 1028
3181 1485
2346 315
704 704
307 115
415 1039
372 562
278 1432
616 2585
101 97
281 411
98 108
5637 1623
380 665
4415 1458
99 380
313 1082
2493 256
1593 2606
3605 1006
1122 1063
775 687
3909 418
395 101
106 280
1032 867
270 2606
849 277
288 1981
1578 105
825 3917
561 112
808 336
108 4068
300 464
373 1127
421 267
4029 614
105 279
474 2471
2568 366
333 374
1301 302
1392 270
5677 469
5255 5515
811 1506
1115 331
689 418
1351 282
1217 1007
705 1690
3410 304
1490 917
593 872
334 256
2029 336
1481 5890
1034 1229
757 1444
5226 1703
621 707
877 345
2245 268
5442 3146
827 380
115 1428
468 3099
278 112
1746 1994
458 714
121 104
504 280
1783 4915
1046 328
1857 102
1655 550
1854 358
1185 267
104 597
4364 2551
797 1597
1210 111
913 302
1201 318
648 330
262 1668
3074 330
1933 2629
5364 5763
498 368
288 1087
272 347
289 323
317 111
744 297
101 766
476 105
648 630
271 2479
1523 654
1004 407
1225 1495
428 122
845 4762
119 288
3806 111
3034 5896
757 97
597 256
3266 707
654 303
676 2272
797 115
100 316
2711 521
4803 299
4554 1013
5725 5042
292 4681
796 350
266 280
4679 336
1964 469
809 1315
1441 331
345 447
1632 105
1192 341
598 259
277 2390
263 426
399 458
4013 370
100 662
807 3525
1777 447
720 323
4460 370
109 334
1579 105
4706 664
562 102
411 97
319 1028
107 418
2270 350
333 2653
462 122
635 321
3548 4457
118 419
313 3666
991 297
104 1782
366 1721
5993 592
5992 5994
1538 1006
369 725
370 448
110 323
2704 372
318 363
2947 1094
387 1009
556 4881
99 2394
4491 107
4126 257
2194 108
486 418
863 379
579 1277
598 1062
117 1311
326 2783
109 402
1610 1412
3282 1381
278 97
1892 2095
727 433
298 1310
270 298
704 258
705 945
954 783
972 279
281 1412
256 1339
110 302
891 3482
533 653
1491 684
811 511
594 263
345 116
1279 307
862 554
438 277
733 1063
109 367
908 446
2002 5036
104 2565
101 98
337 308
2816 1156
97 97
278 103
612 714
1842 826
2212 278
490 967
2362 330
626 322
383 256
373 839
1293 571
2456 491
4898 1683
267 581
257 978
1293 2095
752 336
2211 389
963 457
350 122
1364 849
317 1262
1102 783
567 331
469 105
604 1248
5026 278
925 101
531 100
115 597
1158 1069
4934 446
114 306
996 1055
2807 1167
280 496
288 110
523 797
468 1081
3073 295
1581 2283
3609 1224
1869 1957
261 298
947 521
2767 4232
4132 1692
482 318
1825 418
3946 288
316 3930
325 284
2535 361
3927 5349
533 469
482 975
4021 101
109 554
583 401
292 4973
1229 97
4907 614
750 260
802 905
97 483
1422 1346
280 394
316 328
422 267
513 122
4109 122
270 967
1960 982
1599 278
3321 853
100 597
407 295
371 779
321 325
1074 5160
2122 714
321 262
121 559
810 122
1707 316
5642 270
1307 3790
699 333
788 282
726 3160
103 1392
809 2705
4230 499
788 652
315 315
1577 337
4544 1477
5524 308
3496 5164
105 708
748 295
99 440
457 654
4440 1386
280 107
5818 1748
1346 5143
311 1745
281 933
2090 665
282 407
672 448
1576 416
374 279
106 345
594 330
465 448
3036 358
3577 498
98 446
325 341
264 111
1006 1220
1107 437
3723 330
1876 1241
1008 675
902 627
1274 267
306 1189
3945 869
266 3654
292 546
317 116
607 653
1835 279
5126 5655
901 1558
374 360
121 277
814 1503
476 275
908 1817
300 3525
117 1256
292 394
104 115
1280 808
98 1183
1108 472
827 260
267 108
805 562
2858 113
689 917
692 105
2242 2315
514 3936
369 97
1035 1206
116 675
99 99
904 372
574 2741
4341 1222
2718 106
280 111
4472 318
1392 453
1046 457
481 102
743 275
2448 813
448 1010
859 770
121 322
731 281
632 328
300 771
790 279
1602 892
354 97
436 279
262 476
495 105
2079 2498
681 101
4665 1229
333 5299
6085 363
908 282
417 110
389 3690
466 104
1232 1671
444 491
717 1889
704 6109
308 1105
1030 1665
573 257
1820 116
2609 1516
400 614
5644 630
2130 423
565 665
102 675
4966 285
374 122
717 955
583 1189
401 308
259 445
261 345
3828 694
1311 263
301 257
382 111
295 1797
433 1216
3826 295
3463 975
100 339
2560 645
831 2619
862 905
272 102
673 5150
387 288
881 423
943 1189
103 434
1185 2660
2501 2075
3575 97
5302 1559
99 394
121 116
4437 824
1123 464
692 714
448 788
260 2549
606 5008
336 307
448 98
448 99
263 313
911 496
639 3107
800 328
2666 308
2101 675
1340 361
533 927
1509 358
111 407
101 2459
863 281
771 2941
99 983
4343 358
110 559
100 100
362 108
888 805
398 714
337 267
419 98
2635 486
482 2538
2134 394
551 104
574 1497
102 569
102 721
845 720
1448 634
433 120
835 330
455 616
260 721
283 1465
107 546
400 1262
901 1785
342 5870
1985 257
573 1809
728 717
370 5198
474 665
378 458
1041 283
2575 770
325 282
277 458
3465 283
99 773
444 101
1318 1220
325 1697
775 102
265 1110
869 2555
583 3666
1006 988
262 579
546 265
1044 944
3454 771
4108 275
99 458
99 316
374 1349
3299 527
97 318
476 101
366 407
110 256
5939 581
4955 1380
1400 285
654 689
765 714
121 569
963 262
3122 360
716 1234
325 259
258 333
881 1248
5339 1075
561 104
310 2629
4465 3626
378 1306
2860 361
350 312
1468 1189
1350 2194
3355 491
2347 936
281 421
607 297
2217 285
272 267
97 120
2836 588
1478 110
1456 1183
589 105
1578 882
1086 1172
433 112
863 653
278 1840
259 438
5926 723
1494 2483
476 315
5627 260
299 1536
2488 2618
1992 488
1146 383
1251 328
788 361
726 439
472 2034
2524 704
1576 1415
574 1922
328 636
1440 1248
606 5639
117 834
765 111
107 340
2818 570
324 108
3489 361
728 328
103 264
389 318
4117 4235
292 676
420 97
672 1167
1349 345
111 1163
383 1128
771 5739
448 1448
2652 1114
594 358
4100 400
337 546
2839 330
264 847
1599 411
546 6423
104 477
299 115
331 748
717 289
964 97
1255 275
98 319
319 588
455 2438
258 516
616 336
700 1783
2085 343
2975 426
1654 109
2003 270
298 6392
805 3188
2989 645
99 423
259 604
1644 1607
573 453
2253 590
821 491
100 773
634 665
1491 927
728 794
863 5171
1035 275
5692 283
435 1430
342 347
2937 358
398 101
102 309
463 411
3424 500
797 107
2733 278
341 1527
426 1011
481 2975
2825 411
1354 109
6319 2769
2952 330
802 577
511 331
3463 256
289 322
122 110
1018 3788
1072 477
322 1062
1117 1370
372 1786
992 308
112 446
1007 800
523 779
5612 298
3453 511
2422 275
322 1475
793 6444
1004 1183
2051 4236
911 511
1142 331
342 412
1499 974
798 936
1701 1022
797 2923
1206 107
6123 634
844 112
4023 495
2266 570
258 260
117 748
973 707
280 708
2722 396
258 746
3582 2953
728 1103
953 1485
306 421
1312 493
433 2988
2270 437
531 115
4153 474
383 1416
306 554
2312 983
532 551
280 110
111 559
904 521
824 4200
266 5879
1997 257
1494 1765
3675 1142
2046 405
99 1332
2184 330
347 116
106 277
1387 358
954 288
3755 278
1574 2514
705 1076
534 260
279 527
350 106
107 108
1484 1665
1133 283
2615 297
1218 6574
115 1427
114 721
963 1556
107 278
581 104
1217 675
3408 1559
660 117
807 498
378 1642
3671 282
6585 1335
885 2799
1293 1503
2892 112
2788 420
1502 361
1241 1975
1842 3894
117 101
347 341
3640 109
318 280
292 97
835 1681
2162 105
583 849
115 387
842 974
1074 741
1622 277
115 343
1095 338
323 298
323 318
488 120
354 116
717 330
758 116
3785 798
6377 100
632 114
320 97
806 641
577 2494
1317 2409
354 315
122 380
354 307
2421 270
4700 744
412 121
103 2605
2792 3626
435 722
317 101
270 328
1870 5828
863 1310
5545 983
1349 446
1584 277
111 576
322 550
298 942
435 306
3822 1558
260 639
422 479
280 315
2323 1412
1701 4078
318 316
474 4284
458 1668
1155 361
997 2077
4139 279
97 708
736 546
811 109
532 361
99 645
317 3590
5187 1183
446 1241
102 439
1783 453
496 97
3943 6265
97 3917
3243 3979
256 1589
6665 6668
546 668
291 1009
2862 295
2851 330
119 681
325 121
1030 275
108 2517
1924 5120
936 115
2598 382
1070 278
1280 374
270 350
112 563
318 3059
370 3034
378 2013
264 1912
433 97
110 423
2717 308
370 326
350 2327
3544 1160
317 928
1767 486
278 546
453 372
117 460
911 460
383 118
97 665
704 862
1950 275
99 5454
1637 361
363 339
1542 1202
1511 374
6240 4310
1712 302
908 258
297 553
442 336
1225 2793
929 1889
2663 108
6433 2000
122 447
107 502
3575 496
765 336
440 1740
1835 361
1841 421
3968 2594
1600 1477
98 576
869 306
261 281
1625 322
459 684
411 709
1722 733
604 6711
1300 279
5265 614
342 411
361 4379
963 316
2951 361
1806 316
102 362
112 1869
1817 496
1391 6412
104 110
102 477
634 101
1888 411
121 794
1324 1531
440 477
740 379
5133 418
574 406
5621 3237
6268 893
5626 368
3407 614
298 1028
592 559
3001 299
258 1294
2699 102
708 282
883 104
862 101
118 345
511 496
704 361
508 108
2666 869
1951 360
372 115
2457 118
381 407
319 97
1445 111
514 275
806 500
282 105
1433 368
102 1793
731 122
489 275
1218 328
104 563
2849 1669
972 695
6050 4702
5983 358
311 1250
693 553
619 551
342 295
3886 521
562 256
562 278
2295 684
3454 342
363 500
870 330
258 1229
6421 2053
1244 3180
1514 521
863 330
1564 299
567 496
3991 256
280 917
1296 1294
977 689
1314 350
1117 1087
109 526
581 6811
1383 394
97 113
422 2600
4568 498
112 546
520 1312
429 279
862 361
1619 1753
1332 3864
1012 97
280 288
264 676
1011 122
318 270
1112 2077
948 783
282 633
626 2597
111 106
1582 1234
1237 582
763 967
399 3388
759 101
297 773
2778 407
3232 279
6630 102
973 336
1591 263
486 1889
1560 105
1914 275
660 377
1572 278
1634 614
322 438
262 1947
289 446
2428 299
6842 288
5901 6205
828 322
3024 372
407 768
1112 4006
322 714
6640 275
741 281
1565 367
487 379
617 275
880 447
386 330
115 110
6425 1576
1929 491
1008 2977
3458 298
3066 263
634 288
1763 877
3038 316
4053 302
742 4886
407 120
102 387
98 1220
328 1184
574 265
444 116
800 967
1614 257
1942 411
317 325
567 295
442 308
2481 691
291 602
1579 257
1599 3617
2543 1545
6888 1573
6902 1075
1533 1167
444 282
1564 99
2504 789
765 267
101 277
2617 2389
1655 277
363 1189
790 1151
100 1076
114 265
281 3792
1008 1495
448 106
272 1839
4204 1547
3203 662
380 101
1917 717
476 330
1146 6198
315 851
97 960
265 435
465 411
6317 5814
1478 1291
1998 257
1967 1103
320 1359
4957 334
6193 98
719 281
932 330
561 121
3695 275
103 104
308 1839
360 112
2208 868
2428 257
460 361
1701 511
1383 3103
1152 263
466 322
2836 707
848 278
318 111
556 428
3026 1170
6764 317
120 105
5552 2579
972 311
3270 6942
898 805
6030 1273
1006 382
472 278
1780 4547
1673 275
877 588
380 105
2174 285
3212 336
378 435
2600 4847
488 102
514 6886
6082 1527
699 3164
6318 445
363 477
5601 284
642 112
114 526
97 2485
260 316
363 312
2759 116
354 5295
317 411
490 379
2211 1415
315 400
2211 1444
271 116
796 321
1646 477
6984 2942
399 1681
2374 834
98 100
1306 6001
859 406
4770 691
660 100
108 773
105 1972
120 104
5629 485
1141 967
111 712
1565 361
6726 1192
1160 4775
862 446
1389 411
104 561
1237 331
97 576
2312 257
97 559
350 1175
1557 488
270 773
763 654
272 1123
1041 311
6818 1234
117 725
311 256
500 1717
4059 308
572 282
447 421
740 453
1224 330
434 523
2982 283
2082 5859
1217 259
3070 570
7037 727
325 117
715 257
881 279
1086 684
1224 2642
260 2165
1273 5935
368 382
901 308
257 256
112 447
670 498
338 116
6655 1559
2004 1292
2681 292
313 1189
1171 634
110 264
2235 382
453 316
1308 1296
121 626
527 6094
1084 420
668 845
1617 109
1126 2271
345 582
298 321
725 107
827 279
2286 411
1476 1095
1318 382
2571 2224
492 322
2085 339
360 100
5783 3776
3022 498
299 3676
888 892
266 350
308 267
2053 1022
1638 2053
99 122
265 550
419 1346
265 721
704 469
1727 511
1002 1681
1351 271
731 5661
2732 383
6081 978
107 561
272 6281
5128 445
1233 1030
3528 707
301 418
4019 1719
315 984
1995 849
122 639
632 295
2174 3233
4754 282
579 707
448 3862
1644 2459
810 104
6084 813
100 743
520 97
108 103
563 1192
399 3004
3036 257
1302 675
434 1238
7021 448
315 6994
281 2915
102 108
315 338
1571 2032
400 1656
3366 278
1016 270
766 110
98 116
333 277
561 1120
2076 263
1308 2279
4979 614
749 1009
1916 474
1510 317
7064 6679
448 1069
2035 382
1457 885
968 1506
4384 1038
972 323
421 791
1502 491
3696 257
4056 1096
1290 105
2201 453
2456 282
1193 4129
697 101
114 100
374 338
4750 7055
877 622
280 2909
309 1119
845 257
320 1172
592 3576
1711 1737
513 411
4895 1689
634 115
107 3340
267 3005
298 2829
371 1916
3172 5331
278 1224
627 535
5913 3290
300 267
711 1593
1364 1375
2138 717
260 7072
1509 1376
5117 533
107 466
1044 855
533 280
6819 1571
607 280
6475 275
1493 684
1416 316
1481 1365
700 270
103 278
343 714
373 100
1820 107
929 887
3549 893
121 108
1331 303
6188 1665
112 738
1628 371
525 653
1643 416
266 4972
6189 101
115 6772
3195 330
278 3109
2970 416
110 345
2863 489
3685 2631
283 1094
342 122
1826 707
645 100
2990 330
511 7209
378 339
465 371
594 100
320 1376
102 379
256 446
115 1100
378 1096
835 955
98 488
265 100
672 3091
271 361
505 485
348 332
338 786
531 1205
752 855
1018 448
107 362
7241 275
1228 318
769 1063
326 1345
861 444
1478 1813
790 699
1041 872
563 318
5789 974
466 466
3813 748
594 791
459 1172
315 1477
4338 521
590 2895
2110 308
318 117
256 997
862 265
1040 257
4693 107
97 304
6745 1721
5678 2551
2037 361
108 265
415 1681
310 992
342 112
301 400
1217 1926
525 112
120 7243
347 100
514 4181
802 315
264 783
831 399
108 110
369 1551
583 2461
1115 521
380 295
717 298
319 2136
699 405
912 1172
793 417
692 428
379 1022
1087 275
720 105
280 6476
1082 2549
362 117
464 4381
877 4188
99 108
2629 474
772 112
371 108
99 421
114 449
2104 630
2230 714
991 257
704 2631
435 256
116 502
115 793
345 372
6291 345
531 465
6163 3088
323 813
292 3230
422 291
386 270
469 2388
3685 322
295 116
97 562
556 871
2457 561
531 2175
465 3128
4745 115
1468 1952
315 614
1133 101
4306 4479
804 1291
673 315
1584 2343
2579 1262
98 426
1486 695
604 102
450 428
262 474
304 3904
1584 714
102 102
565 280
114 707
260 423
2757 469
2595 1009
370 1976
350 277
621 1310
4546 6898
490 1087
616 267
362 119
490 654
281 374
298 4028
439 773
298 588
1964 99
360 262
2250 843
7122 1589
114 399
482 7146
1349 323
5808 366
1502 406
315 1094
563 676
278 445
2456 361
314 1191
273 1740
374 299
3061 1753
275 725
298 3165
3662 453
301 316
2619 109
935 4932
345 1333
677 491
1174 378
5319 6765
790 292
968 1022
1491 285
407 98
908 103
673 302
6864 259
262 496
686 112
561 118
3282 282
851 122
99 789
469 372
863 486
1112 279
706 2121
3817 319
100 106
448 3380
1232 416
802 2214
2466 1792
321 877
1193 1359
2802 498
103 426
465 1231
7421 2649
2071 445
1879 1586
1440 2468
1319 770
101 447
805 4183
317 118
313 789
603 331
504 330
366 1693
757 2057
953 316
5358 345
4290 317
112 474
7063 278
2016 5211
395 366
802 110
474 2903
3806 446
618 1830
261 378
4911 2818
700 805
2200 1750
748 1415
845 330
4421 107
929 330
2810 469
107 812
2230 382
104 272
3129 118
1835 770
342 304
412 546
415 707
1389 855
2573 551
292 5558
1967 328
378 677
3060 330
862 872
810 395
1099 458
411 121
363 115
1911 361
511 1119
318 1090
1598 588
530 7358
270 4606
1257 271
6590 5556
1826 452
692 849
511 451
1896 2769
1929 872
374 1428
708 111
273 550
571 114
3164 101
504 496
257 263
1440 893
810 551
1565 321
2921 7075
6293 358
280 372
280 316
374 1743
5055 361
442 1558
921 1796
1319 323
2468 469
1576 421
2183 486
828 991
725 1039
117 298
954 270
115 472
724 282
1163 99
5605 311
1391 2640
4531 295
2886 279
354 99
433 1194
2067 2204
5934 263
1052 328
319 1370
811 775
325 394
796 108
810 342
1417 108
1492 345
308 109
1103 285
574 103
771 261
825 489
5535 105
921 380
97 101
263 874
3356 401
448 1206
2792 318
1761 334
2409 942
258 1722
5782 444
313 5046
309 2238
476 103
448 1355
347 258
5069 295
2007 3199
2162 1794
2046 435
1057 831
311 1401
1902 7541
1416 684
380 103
347 115
103 569
5072 2218
1140 283
2949 1912
4277 328
2540 2028
1707 5189
453 103
5139 893
3038 257
1835 868
99 680
492 107
3499 256
1125 684
757 451
810 262
1046 629
1783 275
1509 114
740 330
3149 383
1522 361
2600 107
1805 927
861 1558
5544 401
1190 279
511 421
1853 285
3860 2052
569 111
106 7206
1145 358
1972 446
1296 524
280 122
2442 978
3113 330
580 707
908 2166
309 2177
347 483
309 1376
6848 121
1190 1740
589 345
104 642
1538 877
2762 1250
439 262
370 466
559 104
115 4270
114 116
1041 2900
5247 707
861 1250
6286 321
419 831
2704 496
473 562
1330 447
4861 447
445 291
476 1076
1322 787
102 371
6016 978
1211 1375
3655 420
1355 360
3452 5653
908 112
411 2946
1368 1081
306 2930
117 5239
740 7640
107 119
2578 474
805 2270
5868 7069
324 105
4755 372
700 420
4869 499
5281 2413
967 617
1513 383
807 118
607 1090
97 285
6564 457
7412 2699
401 259
1879 714
1924 500
771 1010
472 267
2373 117
1319 361
293 114
1789 1994
324 4627
113 97
288 285
122 630
1502 2213
317 709
342 325
345 1373
1725 604
267 284
1039 372
1008 328
699 260
954 2180
300 112
2021 370
98 339
378 762
1224 358
2295 1148
105 3006
3391 101
2258 1890
7163 270
881 322
350 448
549 1524
1764 285
561 325
616 260
448 7576
835 3823
103 367
2471 262
6375 1427
360 3273
7702 307
109 760
863 917
7065 298
2831 581
6219 1485
2594 447
114 302
2952 898
3711 278
112 426
2042 494
112 380
112 295
325 2482
422 274
4072 2915
1839 322
877 597
583 1431
747 1503
116 1455
1018 826
686 350
261 121
5631 105
492 826
1894 2688
108 100
1364 554
3209 426
542 3395
317 2920
261 1697
861 714
704 709
411 430
7643 2485
1224 288
2450 361
474 1477
612 1516
464 115
1018 299
3489 406
2759 270
741 1310
1307 6798
306 277
1314 275
921 496
458 328
278 101
4884 361
2948 411
1035 4181
466 281
420 108
3321 361
673 550
972 446
4579 1127
1307 1665
536 115
4301 298
1128 350
345 288
3184 257
115 1558
4225 361
387 1179
4912 366
278 725
3855 694
407 708
288 303
2552 2032
7002 1264
493 256
948 773
281 741
402 2967
115 421
111 113
97 874
1163 101
3712 590
717 418
371 2300
323 458
307 1479
4583 511
1163 292
280 617
530 328
711 980
267 99
3045 259
270 4145
810 370
315 350
270 1380
2421 341
5180 278
906 292
561 1946
7114 1349
322 411
103 419
266 281
516 360
106 675
1161 1495
326 108
115 551
1237 5423
1806 521
326 1719
1195 7808
583 306
116 343
1173 485
114 285
2892 119
2561 982
924 437
97 467
692 2445
282 101
99 1070
2234 1010
481 101
717 974
565 585
2310 818
2787 2377
465 5980
734 1127
1741 5831
307 1863
486 1412
566 331
106 341
605 975
101 905
121 632
996 2347
321 383
407 341
3553 278
842 839
4062 714
2632 275
3211 270
383 1864
280 5807
1680 315
6113 5702
997 271
328 1206
4205 361
548 448
1986 256
4230 3202
1961 112
412 834
1035 1864
516 7441
530 3766
4812 818
107 434
843 812
3350 927
630 546
994 97
805 350
311 3105
700 297
2990 2353
383 978
1332 3686
556 336
676 361
116 311
1839 1489
696 292
116 415
1641 323
522 1401
4083 382
769 3269
3040 435
101 590
287 3786
2535 872
965 514
337 797
709 263
3303 652
4189 317
292 115
341 773
556 789
383 109
256 7876
272 574
686 256
742 871
5237 1578
104 302
963 270
428 445
102 259
458 1881
2130 590
2778 731
2827 338
1081 262
574 323
277 279
1542 257
110 748
831 116
99 812
4501 488
530 4175
3561 516
1112 282
810 2861
122 324
2595 812
100 104
704 1516
476 617
406 336
2016 433
1180 277
464 395
262 572
468 103
389 270
1383 283
400 722
5712 340
371 122
371 116
5759 1123
1314 521
121 114
318 104
1413 371
3857 446
531 291
2401 331
706 280
2154 511
474 2715
630 447
485 366
449 265
328 265
758 691
4361 4960
1576 7289
747 1028
264 707
6130 416
908 1580
317 3247
418 521
712 345
522 714
700 831
420 1156
2502 1277
594 257
102 3340
1300 280
2421 2300
1204 270
387 967
3276 2475
634 367
2556 2177
793 4834
5728 295
1441 582
1150 2704
120 1290
378 3989
2404 433
2389 419
794 1536
733 1110
259 1216
1008 560
516 2817
415 299
5329 2826
1133 279
492 424
1565 872
335 725
687 460
3001 3816
2003 328
3143 438
1267 360
280 1311
347 3535
2970 1760
4815 7997
279 4335
2822 115
1674 433
901 444
119 4961
344 1202
112 449
490 983
120 119
1641 361
516 117
270 1889
6363 361
4649 382
7535 1038
731 108
579 328
342 1306
114 1919
4212 116
861 1055
3388 675
3849 2276
942 664
1046 1808
1854 453
322 984
1151 1386
407 447
1856 4164
533 629
804 1040
4355 361
743 1519
1894 1665
1008 1547
3726 313
574 695
2702 328
1222 411
3305 1094
1028 978
881 4940
442 2623
256 394
1392 2345
98 1062
524 1072
3958 787
1144 444
421 3035
1568 358
5327 369
1542 350
105 1743
4179 259
275 112
862 1375
112 914
263 963
1691 8067
266 331
4150 1459
827 112
648 1547
368 116
1490 453
627 853
490 4986
362 433
345 1605
466 297
266 577
2038 687
726 1172
660 1477
2614 4825
99 343
1643 318
835 316
264 1899
1297 411
2924 504
5316 101
5654 936
968 330
106 6394
1347 279
456 554
1548 361
114 104
1639 5591
2857 1522
4145 446
594 374
345 103
257 1022
566 281
110 115
1330 380
1201 3503
504 1889
3263 475
1041 491
282 556
116 1034
380 394
99 642
2729 1009
1283 748
277 1222
4121 927
1542 521
1486 283
354 107
1255 3442
848 1189
1120 982
322 2579
411 313
1634 1110
6128 801
1938 258
717 275
311 270
270 2706
1205 101
719 330
984 361
642 97
363 306
338 838
2119 5567
374 827
277 292
1490 1412
358 107
1227 4040
112 844
442 302
309 927
2682 383
1574 1226
354 709
563 277
7200 2890
3435 361
272 2575
1809 453
2207 330
315 1348
448 757
1416 1148
536 469
477 361
607 650
114 437
771 104
674 614
105 562
504 270
1040 366
1523 917
5623 104
514 280
492 5543
345 323
4060 423
345 280
1876 378
5452 680
433 99
641 686
703 114
347 6950
1389 336
2012 1901
3809 1349
1916 720
3214 370
6645 2426
322 905
594 316
584 865
1553 457
3856 8000
1939 108
1216 324
280 2283
1643 1335
303 457
5138 279
378 306
465 496
4875 101
3213 1376
1163 111
1255 112
101 1607
5910 1142
323 311
1117 653
262 109
831 3114
5867 4081
1280 770
2749 893
350 111
775 303
260 259
641 488
111 328
808 458
708 1605
1561 955
372 3859
1652 104
7344 699
114 1532
1611 111
5529 361
1092 1672
350 295
2376 116
2148 1740
530 4234
1402 2341
7123 5251
1672 275
1005 275
828 101
3269 551
342 1021
468 119
6786 122
350 542
1853 486
705 2548
419 1292
1879 905
2891 260
1077 1096
2004 1093
976 1415
649 288
511 102
1869 108
5222 620
579 1597
1387 2177
262 1022
256 843
1322 350
4318 3105
103 2182
813 8243
399 1200
531 741
3003 3097
318 5843
466 551
880 280
476 110
3615 847
559 99
121 363
114 107
4951 105
556 936
4940 498
445 1096
115 115
566 257
403 7177
2157 307
2778 4026
598 101
275 3357
482 307
100 561
399 97
3798 1665
1174 362
793 8139
344 316
361 270
525 263
2947 361
1441 521
5635 1536
1482 281
115 1465
1030 453
2595 694
474 1646
1332 675
279 307
114 1470
122 321
264 288
2658 102
1962 361
936 102
921 1202
751 928
101 469
115 711
8301 1010
329 1436
1643 101
1680 869
324 358
6350 370
708 114
476 6095
1457 3109
292 3105
311 1758
8208 321
996 6245
1630 306
676 4393
2937 1376
1107 684
4805 905
278 433
347 360
122 3094
114 108
829 882
638 511
1425 714
940 2214
4278 983
1416 2342
516 712
5098 546
97 8351
6238 1038
4278 847
4621 1155
1069 370
826 2205
1967 2261
677 282
428 278
583 1758
100 642
2632 383
1942 115
8070 485
6616 1111
262 98
1509 316
1257 1867
3326 488
3047 279
680 101
932 270
3266 553
808 5975
1516 597
435 2423
2951 1001
2716 407
1217 270
4014 361
109 418
861 267
264 282
328 877
6139 868
1454 1110
458 2847
1302 1495
1826 318
2787 361
1520 1192
1142 653
100 4252
99 5017
576 104
692 905
277 1650
2096 4751
5371 262
272 438
551 118
7084 8046
260 2176
1624 423
112 526
1146 1263
626 516
3057 917
6199 593
514 358
806 101
4748 284
416 457
8404 110
2381 1001
7832 116
271 1558
3589 343
1977 453
2382 361
1738 411
1248 402
2619 1506
1353 1395
6009 494
435 100
282 378
842 617
323 630
1383 8394
278 572
1002 330
328 1563
4132 116
262 1244
119 270
117 8414
8438 421
1204 328
107 847
297 104
490 3160
706 3182
1502 1001
2019 328
104 369
415 2095
3715 453
363 546
1100 318
606 341
1976 275
273 279
1587 380
514 2310
1509 318
448 347
4412 330
1163 504
323 411
325 306
1552 2078
740 437
262 350
366 1110
976 791
272 116
4080 714
411 101
2637 306
1671 287
6336 1106
1671 401
7546 307
2006 3265
5734 8088
1170 1093
2255 372
561 1216
5574 717
4592 687
805 291
7949 750
8322 2653
3630 7696
2019 521
344 694
99 2603
3405 491
317 103
520 1412
6347 544
472 118
5673 504
273 5147
111 748
2093 321
1842 5600
3325 361
862 277
736 3332
1246 284
6676 798
531 711
281 988
711 108
4297 1664
525 3592
8509 607
1032 109
259 1715
2493 438
115 1545
8457 1179
283 1277
415 1022
363 2121
370 649
727 6508
435 4284
338 334
270 839
6685 1216
704 872
673 101
1654 732
642 299
2084 469
3944 2728
7302 1504
1693 3107
696 4696
2937 297
5966 1027
455 3352
102 311
109 119
1486 491
728 2136
341 523
1459 5259
1924 813
1163 445
481 1836
2370 715
3821 927
2931 447
350 99
264 121
574 1988
341 1458
99 843
2480 275
267 100
3352 652
110 721
5059 3942
534 108
3763 1087
6295 905
279 319
1340 3488
581 99
2555 440
265 1189
2971 458
639 1039
378 826
103 475
262 654
1721 270
1686 421
280 783
270 4496
1016 398
1899 500
1442 5286
121 1523
115 626
765 278
6622 111
1805 515
117 2518
328 4478
380 687
298 810
4360 336
3299 6329
114 272
689 453
4988 330
1145 647
621 379
926 330
282 115
328 318
2491 4120
7253 3845
3315 411
5415 1174
2544 453
604 3401
1597 282
456 652
97 551
474 360
2079 489
8585 105
3994 361
2649 321
1727 927
1033 317
330 514
322 6729
7940 721
1013 1069
726 3577
342 278
122 1373
851 411
3349 684
256 505
520 1681
302 1400
534 278
2537 684
104 109
984 366
862 652
3472 112
2012 7667
802 1375
1330 560
5837 1506
804 773
576 374
4875 787
7813 274
814 3451
366 1063
664 653
1253 280
722 445
3074 270
639 298
354 292
1928 278
496 257
297 514
5711 725
5289 361
5724 270
912 97
264 292
6821 361
1016 378
476 2548
265 1094
828 107
315 104
2375 708
889 559
289 267
1806 582
8442 452
3994 868
292 592
3024 257
101 313
4445 260
913 3202
372 105
846 6438
121 112
492 6320
3753 893
3152 416
448 831
5250 330
4373 477
101 762
1481 258
311 855
732 1094
1160 4726
2004 1519
775 562
516 886
8109 2559
278 665
363 871
403 267
381 103
1112 1248
474 256
967 331
448 115
434 104
2376 4639
117 469
476 379
8700 8670
2212 1375
503 617
571 725
1114 8639
97 1021
267 407
111 119
5427 330
7597 593
7107 292
344 421
1077 283
711 5272
323 270
279 1424
1417 308
447 270
1846 361
3555 278
826 633
104 106
325 280
3636 684
604 100
2627 789
341 3876
3804 516
6502 488
2297 267
360 8731
3989 1233
648 2793
260 366
458 97
576 270
1499 684
1410 277
464 116
4579 97
947 496
6290 472
3589 789
260 1095
350 275
291 652
2100 4714
264 275
1816 105
473 325
932 559
301 955
962 387
1238 282
800 2136
861 423
100 1314
262 546
727 308
105 435
769 7135
1293 4164
498 1102
1251 617
863 983
1123 5020
498 556
122 3513
420 115
1802 4103
936 284
968 110
337 100
116 440
111 574
741 2638
358 617
634 6179
257 4198
2860 868
2851 1022
598 361
1627 116
280 374
8398 281
4268 256
583 550
110 288
676 122
326 760
1899 1048
6243 684
107 642
8791 652
916 5006
911 416
1938 1401
4282 676
2500 893
516 8392
525 4972
1983 1688
2488 260
324 577
436 121
677 361
2129 496
115 423
3292 4379
2939 469
1499 773
311 1077
434 292
1400 1234
421 1350
705 1103
1826 1310
844 6941
765 905
525 270
1988 1532
4547 2032
3894 1281
4978 1618
2086 5259
2195 3358
1870 594
2224 333
4992 122
495 101
288 1919
3232 361
673 4473
2493 551
851 109
258 642
641 367
273 7955
2322 1578
4352 295
1383 645
381 2086
6111 318
465 107
809 8207
1107 318
1448 328
305 927
1161 4667
313 97
762 279
1929 1094
734 330
766 101
3036 1376
516 336
500 411
1668 714
1517 263
726 8033
3856 2345
3752 1740
6906 1415
8341 709
1416 304
1716 451
736 1851
2134 412
278 100
783 299
112 518
4983 2218
912 270
795 677
8125 361
280 109
121 99
704 498
5124 298
626 1097
997 1151
4506 4337
5274 317
6237 6899
1330 2793
267 2075
972 292
468 469
1632 117
1224 1106
1977 1696
772 297
1481 378
1356 653
1403 3778
828 546
3156 295
7550 1683
263 642
1418 694
1628 4286
3156 370
2258 4787
366 1830
1319 333
533 684
2599 275
299 278
3148 3608
1367 6149
519 259
309 1148
373 634
7229 108
1233 2214
1151 4075
289 2531
8840 295
634 297
99 641
7920 5081
1395 1478
705 1028
292 406
2425 117
4004 416
8032 321
102 380
258 312
1144 361
98 4367
3047 361
814 420
1008 3145
660 2846
1336 358
912 1167
523 115
724 97
3705 1498
398 315
267 117
496 457
8718 380
7839 482
102 106
877 122
3398 511
2392 1753
5456 117
612 770
1111 109
318 1069
814 2169
5479 843
1926 988
1440 2077
302 256
3580 275
5284 1495
373 421
98 98
4888 1094
728 280
3358 116
3762 936
717 707
115 632
500 8376
3087 284
114 500
3865 905
2317 1172
104 986
607 617
3779 893
2203 361
733 450
3067 325
862 367
115 843
2408 297
693 1683
280 418
1628 1833
483 105
3770 794
1279 115
1711 2355
4194 1524
1183 284
932 7434
1422 942
8947 4847
2747 257
1273 494
1710 361
7278 330
821 343
448 117
1319 279
804 256
869 8812
474 354
1095 102
121 3267
5877 307
1896 1030
7360 256
3595 330
751 510
645 97
612 361
2400 302
111 120
2648 569
291 2773
1211 905
292 361
5294 1901
556 714
108 1429
99 569
2604 278
654 469
1425 1498
1551 109
281 2133
325 264
257 655
1812 707
751 1174
272 1299
2101 2353
389 1310
1117 794
2367 684
474 1003
1783 280
740 270
4837 361
870 2959
2839 1495
8272 330
5200 905
4469 4296
798 257
1173 98
4200 6076
849 105
715 319
476 2492
519 1740
281 330
728 411
1499 3735
698 748
305 521
3022 361
511 371
285 350
994 407
845 874
1013 3097
554 630
4859 927
121 121
6774 374
99 288
5619 361
420 1797
8172 8691
1211 1607
433 466
516 100
306 1349
281 846
620 1097
892 97
1701 6367
4267 684
3532 905
264 642
426 116
492 626
588 5081
469 9088
398 1062
1527 330
1222 2271
1677 102
1296 1559
1410 1247
111 804
517 372
407 1072
565 2494
435 4237
3550 714
2789 109
5760 3088
1557 367
1107 818
1490 2486
1908 707
4257 905
403 114
464 1063
2567 4696
3849 627
272 1140
394 292
616 1299
1779 277
279 744
3618 1742
1367 6097
344 331
2006 1500
1876 8073
1770 118
1983 927
117 594
632 110
474 842
107 104
5836 2095
4707 905
111 307
1295 3097
949 419
386 967
1459 472
2381 322
318 1192
1836 265
825 295
825 380
3659 1038
298 1052
292 2213
835 2548
561 361
3350 1688
742 361
117 2158
2391 105
486 3358
102 1433
7720 3548
859 279
373 350
358 328
270 1692
964 477
444 278
2106 1524
116 3254
1231 1717
700 328
1981 1022
2469 383
450 905
1553 982
259 699
2747 4188
546 256
446 370
101 420
523 536
106 9141
4173 654
1222 4774
912 358
1993 295
2654 121
468 341
719 2177
954 1683
4201 868
581 2892
6597 3942
3492 2826
1192 264
7457 2555
347 400
1463 3741
1898 330
835 9190
8890 456
2747 328
272 4758
1233 428
750 109
1004 259
3615 812
3516 416
7911 378
322 1489
6339 316
5727 270
2610 570
1319 282
3276 3165
1929 282
399 434
4326 684
119 306
121 721
4888 361
500 658
8107 382
742 2213
4277 270
3641 4167
2572 1699
263 107
4900 438
734 917
3398 112
270 1256
465 288
315 762
1486 1094
476 2218
3922 8233
4204 1160
1622 116
775 6887
5756 2171
2437 282
863 3002
2747 3584
877 97
277 1937
98 6054
500 99
6362 258
1380 550
1389 550
5055 1094
319 1087
964 292
2079 8388
5273 905
347 8748
2234 361
5074 3379
4190 445
997 1317
884 100
1163 3574
101 9231
2641 1388
511 298
4863 927
105 360
476 3112
1501 974
2016 6944
3404 2475
1221 2008
260 1376
4272 9265
4560 3332
556 333
1950 927
101 268
1318 1498
273 1122
1835 3092
3707 707
708 103
1303 315
1115 299
641 1401
116 366
1502 277
306 1498
972 282
5086 418
940 550
435 258
337 1503
3016 263
7428 3088
263 546
3232 1094
1846 872
8758 361
1440 988
563 721
743 1263
798 638
563 760
743 448
1365 625
804 8785
1868 263
758 1867
2757 1010
380 1643
4560 5189
114 110
811 465
712 282
5038 2279
802 488
317 630
275 582
265 270
490 4344
913 714
2751 5519
532 323
2101 1495
476 1048
752 444
1295 705
465 370
3715 653
672 967
1865 521
306 1972
2739 278
500 791
598 1498
1350 448
518 773
1233 2343
326 1063
1817 316
2983 791
814 3546
2212 905
8916 2475
438 323
1190 2077
1766 554
681 105
1331 1444
561 3513
279 261
715 1688
4545 451
769 1114
8134 321
1033 882
4255 2475
2716 278
473 350
717 2136
620 116
1509 1359
2295 927
283 374
2234 279
399 942
2074 1035
552 4838
333 9362
940 277
2783 361
2882 1506
932 1503
531 1672
486 787
648 7450
285 331
7479 3442
531 102
4258 3195
1826 3002
716 1571
317 102
4445 2618
2625 111
1938 714
3532 2137
1727 1688
3116 101
9051 2460
891 267
99 453
1255 725
473 119
2319 4806
3012 2706
266 5440
4036 1498
1835 406
326 366
3851 1256
504 6698
692 2343
793 2479
1161 806
306 714
715 8645
259 3535
651 328
318 5466
328 489
259 361
5072 1901
282 109
444 2126
474 3050
330 362
487 270
2814 521
1318 1607
281 1206
863 1172
1499 1901
1455 347
741 3002
326 720
2079 321
772 715
7962 4818
301 5972
598 1740
1155 306
594 298
2122 905
297 2685
279 853
1019 265
2154 1022
3518 714
112 112
554 97
8516 361
4884 1001
8232 1220
4468 9145
686 285
551 672
1812 418
863 2249
505 1682
7520 496
3349 1256
6990 905
556 3777
1491 1148
278 829
2082 504
1953 905
1126 2385
2409 6323
315 559
4863 1256
9201 361
1961 434
1464 2171
426 562
676 561
2537 1148
371 536
1668 905
503 328
434 680
258 406
7119 714
5846 714
810 279
325 1811
280 523
4829 553
260 361
4980 446
633 2678
322 7805
309 3477
8554 504
279 256
1122 4517
378 7963
8828 7524
1836 278
381 8061
300 291
923 457
6207 421
107 263
6221 3638
2150 105
704 2213
343 1401
3030 411
1884 257
2483 1039
4611 707
775 101
1386 324
2654 282
1461 1478
3022 7237
769 279
358 270
3407 1863
708 366
2295 97
7274 5787
350 562
1838 1498
1509 784
604 744
324 330
421 119
4378 8659
1413 1741
2817 297
442 550
270 323
4156 8853
309 684
476 773
4121 1688
4080 905
266 1172
930 3699
2046 118
4257 271
5920 1384
2266 330
2130 259
6521 256
381 420
1008 2353
378 6532
884 317
1385 1375
6738 2125
102 622
112 456
940 554
1405 914
607 5486
2751 278
598 714
2375 319
863 3748
2942 684
2539 307
3276 4419
2046 1839
2843 8319
1736 361
3872 5830
717 927
341 100
1572 905
4660 714
672 2735
297 299
563 914
4036 1607
380 3389
107 605
590 5154
9467 9136
1161 2353
1236 3113
598 1607
362 1373
6974 1172
6194 361
2747 3114
2885 109
855 458
495 675
2427 411
1155 498
3677 2276
3047 1791
4395 653
802 367
2119 1047
6384 684
1364 2137
115 419
680 1272
574 3488
5368 714
1394 2149
282 1516
101 1629
1911 3802
3227 684
3605 511
1019 105
2537 1256
109 109
2139 116
321 106
4859 1688
3821 1688
8997 2399
102 449
1548 1001
2989 5221
4287 1256
527 4237
107 110
2003 1554
499 105
298 419
9168 2399
1565 1001
8042 2623
3243 383
5769 8454
804 1664
2069 1890
500 102
109 470
589 706
9187 7376
1171 330
6719 500
1486 1345
108 3953
412 1556
1125 805
2787 308
885 105
318 1148
1302 1503
1469 420
1035 1100
3659 714
278 1406
6959 361
5289 1094
4429 3984
5729 321
525 2249
7080 2623
4358 328
4456 642
289 315
2476 330
4127 350
2652 109
1779 905
638 861
697 6512
962 1200
1561 270
465 696
341 6069
862 4170
466 307
6192 872
5168 905
121 122
2069 1256
976 1517
280 108
7679 9608
1006 9665
4229 275
3356 7101
387 111
337 107
3509 277
326 322
97 412
2437 872
9648 2460
1236 2706
316 492
1235 322
306 905
374 116
1911 1001
108 554
1114 1094
110 440
8650 546
1303 1607
4326 1148
9150 5113
368 3121
670 336
1911 872
8447 445
1468 339
705 1667
1817 2483
3744 714
5009 107
292 1566
466 715
97 1900
8087 2171
833 339
1364 3042
502 978
970 2924
700 1503
379 122
1007 675
7660 2460
3689 112
3090 263
3074 653
523 1047
711 378
3622 905
9079 3765
704 1001
3404 3165
8541 8016
1962 1094
503 4075
9235 2460
2112 1442
5715 382
3730 3178
7401 6298
530 955
5904 366
6215 489
3383 927
7099 893
1302 328
104 350
1074 717
881 2077
7985 97
8435 4513
797 270
1885 315
696 847
1493 3984
1914 927
399 101
2148 2077
289 554
1553 6951
347 1284
580 2638
1340 372
1114 6233
279 722
3622 714
6563 653
1572 1375
407 97
732 3531
5059 8143
641 108
641 97
325 265
7049 488
106 118
5372 560
358 6533
3710 3873
604 109
350 105
7793 3555
835 653
563 2565
111 325
800 694
262 326
1461 105
2367 1256
2839 1503
2767 714
700 1573
455 3206
1493 927
110 687
2947 3531
1387 3477
1499 1148
612 2445
715 494
3303 306
2487 6683
1239 4806
561 378
890 714
107 2579
771 267
1041 1345
638 1236
4874 491
1236 486
5273 1375
1232 1760
101 106
2759 328
626 970
711 3136
281 362
533 275
4288 684
953 521
1416 256
513 714
662 486
6813 1318
6885 116
2914 714
444 1082
2120 275
99 1796
869 699
1459 6043
3235 338
2990 1495
901 423
3548 258
3057 2486
464 3072
1178 1226
2367 3508
372 103
1425 1607
3764 1335
511 104
594 1335
626 1094
270 407
337 121
306 2061
2607 491
2409 1459
514 265
328 277
280 451
278 260
8408 1840
2134 1337
612 1745
311 849
322 1401
411 793
6305 872
3113 653
3349 927
369 551
1354 1022
1218 330
4805 1375
1387 653
717 1310
114 119
295 110
257 102
476 1901
3994 3092
711 328
1875 1558
802 438
6373 380
106 323
1982 5967
1574 1758
4768 1656
97 660
277 1401
533 1148
3769 1148
5224 1022
1565 1532
3404 4419
1033 406
697 4223
333 556
378 9879
7276 2895
1838 1607
3641 2618
4671 361
2084 406
2416 630
6352 347
8769 363
1806 331
109 104
5836 6201
1288 1349
307 1643
2179 7908
297 963
3865 1375
687 112
1466 762
1765 5400
1396 1376
9256 336
5284 3145
325 277
885 406
310 5445
932 5129
825 684
5950 872
5390 714
697 4542
2471 963
3504 319
318 893
576 321
7118 7134
4674 282
2459 695
942 105
2937 3477
4424 275
100 500
2763 415
1938 1607
1236 582
435 831
3032 321
1018 342
513 1401
421 347
5330 872
563 97
862 3699
298 1103
3227 927
6776 400
261 569
598 905
1153 847
446 1741
806 8198
580 1310
398 750
8746 626
1493 6162
3815 714
103 421
7625 1022
704 4513
1351 992
546 411
2617 715
279 3527
704 7090
3305 1603
101 467
1672 3953
1937 955
2935 927
1018 3671
2667 684
2558 1429
1502 4404
377 292
556 361
4891 400
1993 421
281 116
1356 2136
2935 684
830 3264
2544 1022
3972 787
3705 1607
6939 5239
2046 121
4240 872
719 955
3060 1022
4240 868
9738 6832
280 9006
891 366
102 626
1953 1375
660 949
2663 642
118 115
412 1256
278 4570
433 482
9032 917
5950 1094
420 504
1959 5932
257 285
3239 299
1632 97
2016 1375
2003 898
3000 1688
5147 361
1738 714
1581 1308
341 121
458 1401
1773 1516
3305 2895
482 99
98 536
318 447
5294 3735
571 260
9568 270
8927 4936
8917 1155
968 299
458 2061
9512 2423
468 4571
1938 1498
6690 267
526 334
399 279
2016 905
751 100
911 321
676 1001
4000 295
2101 4420
4255 3165
3880 868
1396 721
2102 4849
1312 973
3814 489
1604 2411
811 108
317 725
2777 687
1114 3531
337 5129
258 121
604 308
726 1792
1311 4408
115 342
1961 1842
4553 714
1346 109
1306 1172
4830 868
573 653
2655 694
6905 361
309 2774
2381 2199
2535 1094
2037 7381
1773 789
7023 256
1680 308
2122 2061
366 770
3821 7291
1548 97
2535 491
411 299
533 917
9698 1603
323 421
9399 1022
877 330
1161 4420
119 5768
5168 1375
2834 1683
3054 102
1247 444
3585 849
891 577
111 433
1639 265
433 758
645 281
6275 315
1601 687
2122 1401
673 336
2667 2774
1224 459
2327 970
811 782
1096 2686
277 5892
257 570
9808 1901
693 783
456 7219
445 118
8880 1531
3305 5282
298 278
1472 653
370 10103
267 104
901 6206
2472 4414
3871 927
4062 905
370 1786
313 488
4014 279
3871 1688
5619 1001
3238 285
277 4114
5400 118
908 354
4267 1148
7649 323
530 4136
2367 1148
523 342
3232 1603
4983 6021
4478 2424
801 736
4429 4273
1491 3508
3587 2972
2037 2377
742 332
4830 3092
490 1028
379 3432
4455 3910
2806 103
362 116
363 8544
696 2980
877 2643
305 1148
311 2565
3636 1148
796 275
1396 2740
450 2061
747 3530
1448 1087
4218 274
450 1401
1847 3789
283 263
1937 2136
2086 6043
114 2847
1914 1688
4080 1401
468 117
3047 992
3303 3757
692 1401
336 1381
932 908
525 1808
598 2061
800 1202
4251 684
412 4606
1308 6469
4707 1375
362 434
439 1346
2016 1076
267 5282
7729 7444
4205 2377
347 551
301 2136
280 117
727 1062
2568 116
1385 3042
307 3771
1247 677
621 281
704 4114
97 400
99 339
715 8898
826 380
424 105
306 1401
522 2061
641 2061
2667 927
390 2601
280 435
8101 714
574 1110
689 270
455 633
5369 722
4014 2377
2914 905
322 2061
2839 3546
116 2810
525 955
8730 1498
3871 1256
311 2061
1847 368
862 3042
279 7226
1937 328
10127 366
1185 383
348 4886
2000 493
6093 721
3769 684
2990 4420
4611 3748
859 868
261 277
1004 5245
256 3778
3321 2077
790 107
4395 3432
10153 6946
734 2486
556 1401
279 1759
5669 1840
4412 1022
1440 8960
2860 3092
711 270
5045 1495
4468 6577
1561 2136
260 8830
1553 10228
2667 1148
1508 4749
311 721
1008 117
3622 1375
566 316
311 1226
869 109
580 3002
6422 1740
304 845
1502 2199
1892 1310
4287 1890
1929 1603
2966 278
4267 3508
741 5370
4611 1310
5200 1375
399 105
6355 983
1998 316
2556 9274
292 446
10091 8415
9135 2895
598 1401
3060 3432
1351 5381
3349 1890
10136 838
298 103
2911 105
407 101
709 3439
328 708
2179 1485
301 1667
2561 1155
1637 1094
3934 1156
882 714
3622 3042
2297 2030
7058 283
6093 2565
100 419
2926 806
7363 354
8576 2238
6484 4247
264 495
574 1719
810 447
1205 4593
3769 2774
5705 5967
3276 4976
535 115
1835 1830
2128 882
2951 872
4769 9450
662 4496
3072 271
793 117
3763 629
6628 5919
877 3969
301 653
298 1184
516 354
2119 263
769 271
1780 1457
102 800
105 384
360 492
6792 2475
106 514
607 328
1363 482
932 1011
632 2181
417 801
2386 447
1717 6880
99 419
2005 1271
422 9460
3404 4976
2607 361
1704 330
504 285
279 3182
301 2249
901 315
1680 604
4661 299
459 2133
577 270
302 665
115 851
120 101
514 298
2210 416
1812 2638
1464 1667
2181 101
338 99
970 322
1269 8343
2738 257
1593 328
282 97
1478 500
651 496
4150 762
6467 262
771 809
1144 843
3063 336
3227 2774
6116 2276
1993 117
2911 2930
6777 277
1133 1063
7128 589
726 927
6692 1532
734 1200
517 494
309 2121
1160 400
6408 1294
4576 721
7981 260
259 1551
1265 1291
9837 868
2635 2218
5271 318
347 1575
8179 1234
3865 3042
278 594
881 2549
3618 1939
758 277
2771 282
280 6983
1727 877
4837 1001
2939 277
110 104
676 828
97 2065
607 1667
5874 949
318 617
722 614
301 4136
9344 781
1145 1679
851 1184
1008 2038
1199 420
6211 336
407 121
5371 1013
520 4344
3227 1148
5269 3409
422 2251
6360 561
604 3922
1711 488
8807 311
328 1057
97 1062
2392 503
5186 110
6862 366
8870 1264
1697 343
1051 362
1367 330
1640 278
100 495
1568 421
3096 893
734 762
6023 2920
1033 1408
719 3797
260 453
1340 2213
1856 891
474 1579
6212 789
1302 1404
2409 7261
827 447
1803 6069
523 447
639 492
1464 629
445 1695
342 5005
2925 1699
306 374
881 292
307 2567
300 2920
514 983
306 1250
8543 299
702 589
859 361
7630 394
301 607
1335 382
378 982
289 277
311 2445
266 1148
1322 101
291 458
377 260
2770 383
1236 4499
317 106
306 550
696 457
1765 116
2355 275
786 563
304 1916
2093 285
530 2442
3628 99
283 97
310 670
891 421
751 10429
10481 9986
814 898
1351 307
3361 2053
9030 446
1750 278
531 412
3997 318
299 562
370 313
6787 494
2288 100
796 932
4878 3751
377 101
280 328
1868 401
7183 285
503 2104
263 1241
1299 277
2810 2250
433 10513
472 394
257 104
517 331
399 330
491 277
1127 262
474 1182
5817 10460
5388 8248
1642 935
383 104
1243 304
317 677
6225 614
711 403
10465 322
763 2171
881 787
3769 927
1340 491
415 588
7062 302
309 494
102 295
2795 330
102 271
504 691
322 1851
1012 521
292 1034
1632 2482
881 673
436 317
3693 285
400 267
281 1654
1905 1855
1294 1753
2926 805
612 905
827 2618
810 331
3436 1167
328 8197
828 2592
272 100
8568 1249
279 362
1030 358
1306 105
1107 275
496 316
498 407
317 2658
8618 316
574 116
2605 115
3682 334
2320 855
279 492
266 2891
6338 336
561 298
112 980
6927 5538
1428 101
621 4028
1041 6344
972 101
4003 275
360 411
520 653
118 288
1027 488
429 1063
256 554
420 5989
556 317
929 839
317 3464
3163 4115
7292 105
114 423
383 562
1453 1555
4250 302
571 112
298 783
389 117
1637 970
3260 308
3079 4539
10016 4377
845 653
281 3725
689 328
1030 847
4023 561
1782 707
1205 6643
891 113
444 2531
901 1755
1442 1402
9115 423
347 2955
1145 917
6125 418
1279 1987
619 336
7917 122
2599 321
9057 1628
102 1561
845 328
1145 2104
2814 285
3899 7731
8451 7467
2138 330
5694 257
261 117
711 415
3762 101
563 6204
2019 275
279 5051
429 2440
9024 2032
1461 2769
1216 469
1913 263
881 10542
513 445
445 498
532 279
270 8075
10375 5014
870 421
279 709
3374 295
1233 1745
3346 285
3737 1063
7461 383
9301 9795
412 927
258 435
3691 720
311 438
1544 720
673 1226
5991 521
766 277
10169 489
3665 416
4506 1465
111 370
1570 361
1365 363
731 783
2928 8988
1464 653
106 783
407 3164
264 341
279 325
870 1578
2424 2640
1232 6000
3390 8701
292 1408
112 1018
4528 257
605 256
612 2343
9472 562
3528 502
1499 295
305 684
1095 6638
2355 521
2661 307
292 4758
470 2594
1486 882
486 936
285 486
2090 107
2390 2875
4655 105
728 288
5961 257
3522 122
788 1010
1552 488
104 1611
5542 10712
3461 97
8579 358
933 645
603 372
536 511
112 631
1637 677
7554 278
473 103
2038 9781
281 1393
1331 387
5979 1699
2744 827
949 1192
1331 3004
295 260
466 581
3686 6767
1115 1784
1983 257
705 1679
3378 117
455 1110
1353 8838
395 6035
110 367
10446 318
4505 791
664 328
270 765
1117 358
265 1719
5473 267
114 102
288 453
1777 5411
3313 330
2242 321
2278 275
2184 328
627 97
345 121
846 7939
4355 279
117 299
800 372
2607 872
119 449
673 1987
308 725
2240 383
307 10475
111 104
677 292
489 118
464 1027
619 550
3140 653
279 1345
4520 330
350 1337
1146 494
2060 280
262 99
562 295
3223 275
3734 259
7965 476
1016 1374
654 281
4469 457
6407 3951
4127 1022
2386 6747
727 4290
642 99
2655 847
1615 1087
1457 325
3633 5152
262 374
1012 1333
3329 361
4335 102
277 407
1419 3007
977 4893
103 103
700 1554
511 748
3927 275
486 588
1565 828
5917 383
122 281
1002 521
264 278
509 259
531 2589
498 289
1758 263
2791 562
563 2847
492 1096
5985 554
1271 116
2573 112
270 1605
1533 684
448 665
1008 898
2983 6410
266 3823
556 321
1190 1988
839 275
1502 5251
366 110
1866 267
1689 762
4877 684
341 2711
318 108
1230 849
1568 5314
1568 6424
99 356
689 459
2110 428
649 399
1265 707
912 1792
1999 492
8800 1475
1716 7623
648 7351
468 1096
2466 439
3589 334
2796 3672
97 338
1778 347
816 5005
6644 440
2037 279
110 453
455 4578
818 725
2567 2596
579 1812
5328 684
2134 804
369 614
1673 331
114 114
421 569
1548 265
273 1592
347 1656
6703 1189
3132 1160
298 4186
1942 877
551 1477
913 10878
429 882
1400 1148
2815 3478
1698 416
117 1128
797 370
588 1808
297 1390
4556 259
2346 411
1265 1664
511 793
288 3068
1051 116
407 111
607 4344
716 936
411 270
638 8553
400 5844
433 722
492 110
1283 295
3817 114
7878 791
720 2631
1115 1200
98 278
281 1690
260 447
1509 97
9621 363
287 1331
318 1195
1538 114
1318 336
808 263
5372 271
4013 2619
469 2612
10917 744
3540 550
473 360
766 116
5819 3122
2375 715
283 264
526 789
2317 3611
2783 256
331 101
268 382
792 299
1389 1730
2404 3942
341 281
616 112
116 264
696 2663
2072 336
6517 551
101 1110
114 298
2530 645
8452 297
3039 275
728 1707
280 494
3517 3735
3125 321
9093 787
101 748
98 626
2029 550
1013 2836
470 448
360 2233
2788 372
4595 361
711 115
3299 1072
107 550
811 2644
3079 384
1854 328
1406 277
469 617
117 2777
1491 1359
10484 298
2400 112
1977 105
116 2561
913 5751
270 970
2692 1899
3899 107
2799 433
1597 277
421 562
2536 4499
1217 3145
1548 267
726 560
292 110
278 590
315 2099
9117 97
1548 421
1033 292
111 1501
908 1799
1170 383
117 267
280 1605
3243 1485
270 8181
292 265
2004 383
8949 1409
99 536
112 1793
1982 401
448 323
374 6256
731 636
5641 1458
433 2034
1102 107
3039 585
111 448
2496 284
394 482
1698 100
3122 100
1163 315
949 257
725 1495
1178 315
1312 1889
267 112
111 382
1004 2204
307 8597
1336 415
831 107
1051 288
370 5685
99 830
1356 328
6836 1632
308 115
1232 299
810 506
4225 1151
354 372
7154 1432
4595 868
2945 101
458 428
412 109
429 2900
270 108
5697 474
105 270
283 366
630 536
102 1415
7929 361
2212 550
781 562
120 8159
1074 358
298 531
3405 282
6460 458
728 1924
446 278
380 556
1674 378
324 282
291 437
973 5848
11026 882
914 508
870 2186
6462 315
470 117
2904 257
2127 109
433 360
3563 684
1869 109
368 277
3125 372
270 4757
1006 2692
8621 1420
4599 638
277 3319
1581 3639
1140 652
2551 321
672 333
10537 347
1125 97
2594 111
9622 347
270 653
2347 1571
6596 4042
1340 1345
5002 1440
114 98
104 546
1086 304
802 444
279 2244
288 316
6536 652
583 1498
607 1679
1324 581
7534 789
111 10567
11003 3088
1812 285
615 2612
3809 362
3732 270
2125 642
1614 5331
533 6495
870 420
1051 1420
1008 380
3333 275
10156 306
1080 3998
6779 6078
4384 3290
1579 3421
1233 905
4607 361
298 4419
280 654
1123 6247
5586 893
326 3910
4584 714
1344 458
267 103
282 1695
1051 379
504 797
109 11134
853 115
279 303
348 446
3794 361
295 2300
1464 617
1464 2304
354 1193
442 267
306 336
1403 4533
6173 1028
561 278
1622 6090
6531 279
262 1933
1107 3112
283 333
5218 533
6759 336
891 1239
765 428
536 260
1131 5122
1836 550
307 1120
660 120
1190 271
616 3482
481 345
8856 1047
1809 450
487 653
4927 275
3931 383
2622 336
851 3270
884 418
6218 588
100 1108
473 122
118 4367
5015 1335
270 10305
6274 1122
1929 695
281 842
660 813
459 839
1069 116
2268 101
1265 594
476 1689
747 1103
97 354
824 330
863 1165
317 7234
5922 645
3117 271
1723 1380
422 308
11137 1667
5499 114
863 2307
481 1421
318 350
319 3114
1566 9539
3452 3776
1400 331
747 2977
2816 1669
1673 494
311 1431
1356 967
262 1508
103 560
119 378
270 802
736 597
979 630
811 3529
810 7615
1622 261
465 465
1277 278
1104 256
606 372
292 277
474 524
309 316
11198 3192
1346 108
2345 1263
634 325
1340 277
3377 645
1976 257
498 3423
1262 504
3849 8532
1340 323
9151 8990
1157 257
307 100
2815 103
315 697
692 322
673 444
10944 1794
1165 105
1081 477
347 1262
100 434
277 311
280 563
110 974
115 1470
300 433
298 256
6529 488
1030 486
2982 332
291 992
740 328
567 421
3465 361
915 107
318 1172
1221 107
330 9600
465 8693
8263 1698
347 2233
742 277
843 983
1589 1234
971 382
844 1168
715 316
689 783
4492 336
1165 323
6666 1457
469 110
6328 1555
4171 278
259 869
1574 315
1846 1381
436 1345
105 354
3882 279
104 2305
298 4969
580 783
289 278
1644 2623
728 1812
970 116
4173 717
270 331
1655 336
1045 789
1510 323
2278 1978
9172 465
380 2494
2390 3247
270 489
331 1412
298 831
10346 569
1859 117
262 805
514 330
97 447
2791 10916
516 112
590 118
455 744
1835 282
7801 1038
2789 1096
368 3254
310 516
328 295
271 10936
2646 257
1273 4337
731 121
1192 374
932 11239
411 781
765 2214
101 583
1800 115
4202 445
1622 9743
870 877
2834 2180
383 331
686 570
968 260
110 369
297 328
1114 665
856 433
517 316
526 345
491 361
1643 8993
1050 281
503 728
1096 378
119 298
2084 332
1108 642
97 748
5873 1536
383 116
8305 366
1484 382
1533 3239
632 504
1330 298
445 278
99 3951
9203 321
1077 297
342 267
318 748
534 438
407 2852
6830 4244
323 315
361 435
8334 315
318 684
1637 279
7700 475
1599 714
788 292
4133 330
283 841
1697 107
1585 2939
1051 3988
104 108
759 115
1710 1830
9664 3062
98 336
1783 323
5671 3399
267 120
561 3423
1069 831
119 706
362 1947
1773 109
3693 1167
6720 401
5100 416
1076 1485
1255 1202
618 1063
7475 2688
5881 489
370 3499
281 260
97 10520
3116 277
103 2571
796 345
870 3451
954 694
101 105
638 3792
9053 2606
692 101
283 336
2532 444
1710 868
1041 1497
3779 562
4866 521
1545 1900
1723 374
1457 1563
1391 787
394 6610
827 117
8350 302
1238 492
1045 6340
567 521
7130 406
1561 457
3449 1379
466 485
2389 828
801 445
573 330
1926 1868
3412 7335
2925 1333
953 1202
994 265
280 112
1184 97
458 550
2502 642
5432 372
1145 717
116 398
2266 1864
706 317
326 347
1926 2688
520 8831
796 717
3667 955
487 418
97 274
1082 308
738 111
5477 275
4843 411
7032 1107
97 3132
1394 444
97 292
1044 744
318 418
360 3524
121 4542
411 828
10300 307
661 321
380 4105
4735 2279
660 1057
343 101
370 1128
790 116
4949 416
353 282
4366 1901
9766 6066
11383 1698
493 6728
1395 1706
758 444
711 264
103 622
1096 8430
2692 5702
828 828
681 3254
1704 1470
341 972
486 107
808 1531
4010 98
990 383
890 267
7627 720
702 2324
1773 695
10684 720
1302 270
278 885
403 108
342 383
1584 905
1110 472
263 102
11390 1335
1004 721
298 8591
394 283
802 1226
861 721
851 372
726 389
1704 630
420 546
504 1009
4968 257
111 511
1221 1311
565 494
1161 447
1802 4750
1783 446
1494 112
520 794
846 361
2567 1532
947 275
117 1358
2437 323
109 449
3467 333
308 112
333 1076
298 1104
468 927
1173 112
1816 101
308 7670
264 306
4895 446
337 328
561 264
4539 2890
1422 295
11166 4783
4683 1151
1302 898
1217 1075
337 469
2134 278
10403 8737
8775 1611
700 281
324 394
256 6054
278 98
775 3631
620 8145
267 7973
882 105
2005 435
748 292
317 100
962 3004
324 318
410 486
1632 8110
994 417
6987 649
8929 893
118 449
7778 893
877 1104
2203 322
4100 8581
339 103
2687 317
112 472
298 955
5985 367
1597 101
972 265
1736 1740
276 444
1171 1796
3375 278
1388 1055
101 677
374 103
514 421
301 2904
262 917
4641 4641
892 105
612 3531
97 360
5389 1380
1429 548
1382 112
3642 282
763 270
5222 1386
801 101
1004 336
522 593
297 341
338 11531
626 4161
1568 1843
1199 11619
104 605
385 550
6662 449
122 513
4520 2793
114 1570
929 6966
645 103
299 2943
2630 967
592 117
3682 872
1599 1855
1133 1345
445 280
501 511
583 1607
262 100
262 103
3320 473
851 1262
1160 105
4982 122
278 6624
310 1233
306 2005
1654 4653
1045 4431
368 2471
976 8489
1190 6405
525 328
786 345
1048 112
5903 1770
311 488
984 369
3039 521
111 260
574 322
2388 783
3034 474
1257 2631
1778 4935
262 433
1992 4757
1562 330
574 1791
851 112
315 279
639 366
734 717
1355 118
9098 620
1853 1256
1143 260
3307 684
683 116
1350 687
298 1069
4160 275
1537 383
1298 694
5784 11388
122 415
505 100
1205 418
708 277
458 278
824 1310
333 270
277 115
3561 2228
2524 110
6020 9486
328 97
1380 808
328 113
1731 257
1111 447
295 1526
320 1690
2071 315
689 97
1008 1268
11012 1335
1619 9383
6879 801
422 116
109 2180
4046 621
270 468
1008 1103
2176 277
736 1611
1986 551
11488 3853
805 121
1584 428
7676 107
1231 298
7681 423
3182 2068
1857 101
2359 383
110 419
278 370
105 963
651 420
5091 278
1697 546
1239 362
531 4369
908 1629
1914 521
1011 117
476 2000
362 744
444 2479
1153 97
8121 1195
561 4049
3244 1444
295 103
881 1740
344 97
3597 5767
345 11747
520 5182
2456 1719
1704 1495
98 1414
113 105
567 6838
839 1506
263 321
3512 328
1173 2065
481 1210
711 399
374 3109
1473 582
520 453
394 111
407 297
394 116
805 2393
2418 2165
2951 282
1998 350
378 370
1131 280
788 332
279 1421
1483 3379
1735 1009
436 445
1193 283
311 339
407 99
493 106
1419 295
632 3361
3843 110
1368 1027
832 361
1308 401
320 114
1221 2579
111 262
2278 1359
1224 270
593 492
260 340
338 829
116 844
5430 257
942 112
493 1632
3817 2644
109 272
3674 275
831 103
863 3188
268 101
263 5727
1006 1033
1253 270
421 325
118 1726
3364 263
362 4235
574 121
2823 380
99 1597
781 606
686 2388
995 105
851 3380
2654 318
3335 1370
796 277
444 361
10191 7356
490 693
280 808
561 2578
5447 569
948 3801
10601 893
3730 1268
1084 11521
11832 2875
805 299
1142 521
1092 968
607 379
5156 295
298 4976
908 762
660 119
268 277
1430 115
826 1934
514 1165
1400 1750
525 1898
2008 330
8320 366
315 1406
715 585
118 2806
122 121
99 434
3115 295
100 2470
3637 1760
556 469
324 2649
298 827
6967 1039
116 334
4670 275
504 281
954 847
1601 116
10009 486
531 256
297 3386
115 783
10595 2813
1565 270
280 468
862 488
4285 328
278 315
6374 3613
321 7117
2703 905
433 104
104 4622
97 347
7953 500
412 5582
116 122
315 2384
3876 814
318 1667
1704 97
1875 1785
110 283
7316 328
1044 1226
407 551
117 106
370 1069
104 1501
7848 260
561 614
292 1695
1004 1247
2966 105
1331 2638
365 591
821 334
3148 350
3285 336
121 325
10794 1349
558 105
3033 275
1950 494
2614 267
1630 2792
101 2192
3837 277
4735 2364
4683 361
315 826
3304 1420
474 1175
4641 683
728 707
101 771
1141 1028
2972 582
106 306
700 6618
493 267
2399 279
604 448
2647 111
8152 7496
117 10837
813 112
636 112
5180 849
1151 699
280 3516
1300 406
292 1926
5680 262
1126 581
3111 285
434 341
1494 1946
2536 257
511 978
262 2668
3959 1055
4180 11934
119 3495
1144 322
948 1683
733 765
3764 1571
687 99
8507 4129
6148 8649
106 110
101 1900
442 101
1591 411
107 106
299 1420
100 367
1711 511
306 100
8038 469
5241 361
4050 259
275 1551
490 3652
1253 331
2670 1063
1051 265
492 393
2630 270
4341 407
1367 457
366 1229
530 415
1018 279
1588 9917
411 99
3718 1517
1011 1286
627 714
825 4542
829 105
864 324
2731 285
107 411
1576 684
906 374
1289 275
758 1262
288 689
604 1124
1077 808
5436 330
270 1639
374 1111
9229 1589
266 330
717 6364
281 511
8727 1703
3711 105
1278 2660
499 1082
4862 694
2474 361
546 263
11987 267
940 336
4731 260
7405 10470
4288 1234
101 372
3181 489
7204 304
372 1629
6408 524
4990 291
1400 927
517 1517
1711 2078
420 1947
318 116
102 2455
419 1485
362 264
2426 1395
2203 333
5064 2068
99 278
114 331
3040 107
101 1131
468 279
972 283
122 992
1044 550
715 927
279 3107
704 4170
338 120
317 885
2127 489
1280 5169
2329 2142
997 906
804 110
111 1047
11410 474
8280 2290
954 97
976 97
3184 331
400 975
2037 259
566 582
827 574
523 1011
718 280
526 318
3449 374
1727 521
307 562
99 1235
6178 617
1308 3725
261 297
374 366
295 9277
270 731
533 686
2543 267
121 445
121 434
421 570
299 325
1156 97
407 400
271 721
306 3088
299 433
1313 264
11999 267
758 322
3903 107
5804 285
110 118
3892 257
2466 684
891 1002
2704 97
97 1016
708 2286
435 1477
1080 110
10145 1654
107 781
7331 982
7638 2494
513 278
1557 277
2311 275
264 983
2795 465
1096 1627
3269 112
604 8185
9078 407
326 2213
264 942
531 853
278 828
1210 3290
108 115
4979 1863
573 665
6744 708
433 6580
102 319
1627 691
499 1546
1273 676
814 449
848 1226
1492 5386
113 265
6197 337
1807 722
464 771
317 5510
8537 322
1608 411
347 6606
968 805
1929 1497
642 111
2124 4941
2265 684
111 498
757 2792
260 265
11946 10280
417 9760
3151 9903
441 770
3784 111
736 3624
763 2486
2896 812
725 117
2945 323
4852 275
3236 489
281 2890
9131 270
6337 2276
4862 812
110 646
338 1692
2378 3581
703 805
319 1103
1030 331
324 4237
496 383
465 100
2284 411
925 277
279 438
2906 3357
313 7225
595 437
122 288
11199 1726
499 5462
1358 434
1752 108
264 316
5973 336
110 2149
530 3400
2806 1738
1962 274
122 394
407 2005
633 498
7605 322
6608 1222
4629 411
533 358
315 100
1773 361
1460 263
1312 1076
940 458
808 715
3263 709
825 111
6700 117
3880 407
1853 350
4722 868
517 812
908 574
4607 6614
932 10900
573 275
108 3801
1152 383
278 1665
5968 12217
6644 4244
260 2114
411 11660
101 312
391 285
1054 561
901 429
929 2218
704 496
511 117
343 315
1443 411
116 434
1429 1013
4244 604
811 1202
1615 328
1046 453
1539 744
3631 102
432 8708
1941 994
122 935
1998 812
1464 1679
844 768
280 465
328 299
280 437
106 2133
935 278
3125 496
11462 108
703 112
97 368
2382 1740
2830 1934
482 102
2836 955
490 2341
1795 257
282 350
536 775
642 574
666 331
11810 270
551 1034
1464 358
7993 677
474 268
1273 275
267 614
305 494
400 1288
804 330
1731 991
1502 1345
3423 321
2585 12276
116 1427
2607 1001
7240 366
2184 418
3258 617
1581 583
263 500
110 109
1165 1046
7802 1669
115 467
267 406
2211 3576
338 496
3476 97
370 1336
1144 3136
2211 1796
1192 1459
531 791
1033 1229
731 1899
262 7948
4295 11389
378 345
1193 4518
428 411
4168 318
6627 2793
11395 1174
323 267
750 1055
1580 458
262 105
99 568
3528 1683
3732 418
323 324
328 689
697 1039
1399 323
3860 336
4416 3488
5593 707
2139 6858
975 311
504 967
313 277
2791 3631
282 2081
6463 328
363 277
5477 585
298 421
101 3095
8105 103
98 316
1331 1760
11311 645
1552 1737
398 264
298 259
706 2290
301 843
4378 1183
115 1381
422 6250
2320 722
511 1202
1319 1110
5832 361
109 387
411 112
468 1688
1115 1333
523 321
378 9342
1854 653
122 316
2085 382
877 1359
925 336
3682 323
456 279
456 278
2028 434
466 97
328 928
2144 433
6682 2826
2731 257
412 1688
766 107
731 1192
326 8555
699 2251
4077 1234
806 1442
465 877
2906 1864
465 892
408 277
487 983
2526 121
456 491
5330 10432
5096 399
1030 97
1205 711
1499 448
7695 3414
492 1195
1352 330
509 101
810 1311
1502 115
1015 444
109 1532
7400 400
1968 521
2790 727
1441 416
448 570
288 5061
882 9236
3695 800
1611 323
5232 331
1870 107
378 6356
469 802
727 714
802 855
2932 361
112 681
511 107
4077 275
1959 102
10488 1912
882 1867
411 1155
114 292
1523 4734
706 297
726 2307
109 828
1034 116
2380 334
101 1062
1352 2181
2432 1555
558 488
1112 2549
338 97
420 260
6926 511
483 101
842 1458
433 101
2834 1310
3086 694
439 399
1578 757
963 2053
770 373
1332 380
7244 826
366 1941
291 1412
851 2195
282 7527
1225 630
4608 282
2138 1090
10240 2521
7443 1504
5886 1612
514 104
1380 306
1347 361
289 849
6402 902
2788 100
1346 1506
9870 559
1170 285
4172 316
621 2266
117 407
1320 2271
809 334
361 1591
1418 847
267 485
1012 285
3875 101
877 684
5463 411
892 380
700 634
7549 115
3515 1946
634 11213
1102 318
4755 2434
11869 106
107 10097
260 116
1233 1401
121 572
810 109
3998 279
810 112
366 748
1619 2620
317 1511
11366 2600
797 378
2882 116
1034 617
374 551
108 106
99 709
573 1090
374 590
9655 2438
881 936
297 3801
4482 383
741 582
450 382
298 115
1291 7307
113 280
6584 523
1008 4667
991 575
104 107
429 760
1163 345
417 306
467 366
514 1759
2656 345
111 261
6605 893
7165 331
99 847
3745 2384
7317 285
9880 380
851 104
500 112
801 827
2200 350
1197 4682
1641 872
1236 521
8954 546
2138 917
4803 304
1448 270
8572 592
279 366
1107 316
489 562
2241 285
842 418
622 371
1410 721
471 421
1035 570
1457 122
331 299
498 506
942 6915
1826 280
2253 7683
717 11253
103 473
1238 267
12510 1642
302 307
469 115
2984 11482
2096 1034
498 4018
322 3724
103 403
1008 805
3053 1076
120 298
310 1614
689 7462
328 102
1572 101
1716 416
318 5202
400 709
1177 118
1547 806
1237 1333
102 560
1314 585
4747 773
412 421
5496 4188
5599 315
1040 331
11623 111
384 4118
310 673
3997 323
1876 264
470 328
6682 1863
1272 115
606 783
4608 1063
7530 1558
3366 849
925 1226
1789 114
1486 3087
6845 12176
835 331
289 1381
1160 653
10687 5105
316 317
1276 105
4722 361
821 1885
422 258
318 449
378 111
472 382
811 321
604 4485
121 316
1908 330
1368 100
3852 285
474 277
1030 521
1112 992
299 313
8901 10795
326 11873
113 111
825 927
4911 3023
503 653
280 3432
299 407
7364 707
1382 262
103 516
1894 1589
97 672
717 97
1702 686
267 1900
1933 4075
10719 115
642 292
115 479
2865 372
787 97
2729 847
1299 119
265 324
2947 2864
810 1646
2333 1436
280 2218
4229 893
106 399
1582 1263
800 270
806 1658
1976 396
3492 1863
1160 3004
318 707
2782 411
1031 3611
104 309
1749 333
370 928
1153 486
263 115
272 1094
435 11212
299 102
3494 787
490 3569
804 1458
1267 11712
562 12676
870 447
317 3005
2235 1498
1602 6380
12025 6992
1280 2440
2669 434
497 115
10582 783
378 1189
1306 5871
1218 1022
1896 5555
297 828
1637 2864
2758 103
1829 288
1367 3519
3299 311
1146 6880
5583 361
1055 115
2573 725
98 4603
1224 280
4522 412
1632 2211
1248 1094
109 372
647 316
260 1192
318 967
3682 695
100 2887
103 7380
1178 445
2324 9406
930 382
1006 1142
2016 115
809 1885
279 267
942 477
1306 111
1967 97
1317 539
715 496
581 101
422 1139
979 1028
8349 839
279 5217
1946 2504
3072 366
824 1503
856 1174
473 380
1046 2494
280 1192
1271 4864
11754 446
1911 307
298 3980
826 10956
262 642
2654 274
319 370
105 292
289 444
1011 2250
119 1034
873 101
1331 1200
8307 773
6543 97
1999 1168
1102 514
546 312
827 4167
546 338
2250 773
1318 1348
801 1034
1403 316
2749 411
768 1355
445 720
870 1939
270 307
676 367
12693 9435
3140 7533
932 2530
6567 112
275 5547
11505 905
6963 1665
1527 521
102 554
6853 115
741 416
309 606
2852 299
1145 1028
2794 328
337 105
1641 306
4350 416
1775 675
8382 2594
546 98
689 415
703 2618
706 341
3567 256
607 4989
280 448
2897 115
731 11306
738 122
3151 2463
99 1084
8671 275
308 1520
1312 684
287 110
1565 481
377 115
1807 1855
370 1205
740 1090
325 664
280 298
306 807
718 380
119 2729
5582 5428
330 280
1115 3004
426 117
2747 330
12694 477
574 3802
1490 967
4143 372
1004 315
3644 339
336 317
859 2440
411 886
6134 361
4891 3095
121 317
2099 367
318 345
470 560
505 1900
288 277
4279 382
2632 1263
728 724
1670 279
4868 275
758 315
106 281
986 107
383 3831
12312 12757
482 275
8826 97
5174 330
1542 1328
527 98
304 1022
689 1376
1639 115
1777 4268
573 629
11760 394
12447 617
606 315
467 681
7319 486
2739 322
121 10137
102 297
4053 361
341 569
877 304
3905 1146
411 325
11132 411
786 458
1155 10213
2925 521
477 677
2870 278
7557 2769
98 509
515 725
301 103
262 504
1446 1349
2906 1669
2110 714
1870 577
393 614
1365 282
568 1119
111 321
325 447
4535 336
1364 5184
262 370
594 6090
280 572
2364 709
1395 285
4836 1248
5209 117
1217 328
1160 1200
2909 3067
350 347
7397 289
11108 5653
11188 273
400 1548
1192 770
616 307
107 2592
811 521
844 400
412 100
842 328
797 12495
1961 2754
465 1340
107 6998
3273 11756
533 11021
469 121
11641 2205
281 2688
673 1400
1403 629
884 101
590 372
5127 554
111 1672
1331 707
3196 550
10282 367
4441 308
320 439
115 642
7856 893
1280 361
5878 1038
492 1210
4485 2125
103 267
727 259
263 936
704 2828
370 105
373 2683
8519 553
317 99
3318 280
2794 684
371 112
6381 828
101 280
2069 299
433 278
448 1241
455 894
715 748
114 384
1765 105
99 449
1251 1035
281 3984
1485 350
3810 1819
621 502
12900 366
1392 418
281 6831
2712 5853
3844 3171
99 271
594 740
4201 849
337 112
3517 8757
5308 278
8275 361
8276 1249
5542 1672
1615 281
715 812
412 3793
435 366
1151 492
1032 5777
439 4709
115 1785
1383 114
435 394
470 303
579 270
11483 893
4487 361
2726 893
592 451
711 101
1538 2276
458 841
551 345
801 99
277 748
5106 1220
5585 872
1021 318
1650 581
963 2177
8079 486
1296 1551
267 527
3057 654
5491 1536
4082 5051
3229 257
4445 5044
109 1842
11812 321
1416 694
2506 361
12614 11431
445 1110
1572 550
115 106
3631 350
4711 1294
3159 98
717 116
797 394
1166 292
12577 1137
11407 783
728 576
5499 9950
1125 295
1387 316
7448 10730
882 1348
4454 259
303 275
2163 102
810 102
354 3363
4764 486
810 117
326 2263
119 7235
307 354
473 5286
1578 394
292 382
4301 6204
328 4698
319 794
2919 590
379 3831
1311 102
354 101
459 421
298 98
3618 371
851 317
315 562
6431 4890
1302 1268
322 1799
825 559
111 2781
1272 984
12776 435
3655 3218
2635 2476
9604 292
1650 1721
1115 707
4422 270
604 116
1180 1504
2057 2706
4978 98
121 783
1535 11296
1114 323
10807 714
603 1202
6666 1605
6254 108
1511 5909
5873 570
1410 366
881 1097
995 5321
813 1241
7655 5751
638 4266
7817 4323
102 98
805 2191
3326 315
11784 791
1457 1919
984 444
10410 118
740 383
562 105
415 275
298 3600
1262 103
1697 298
2665 278
763 1028
338 913
1076 1022
914 1692
279 382
350 342
810 4479
440 361
298 3768
2493 725
264 281
3089 263
5959 9707
313 4490
793 116
310 1695
801 1432
3644 554
728 476
1327 121
7614 97
736 278
916 321
616 438
708 7235
1448 1075
660 447
7760 1642
4133 917
581 445
2083 336
708 306
283 277
374 2501
2074 496
412 1890
708 362
422 1388
733 3906
12315 2055
546 277
1710 1010
2207 275
717 731
1502 4423
266 4647
1205 606
634 2482
6914 588
118 434
4094 323
502 275
1383 338
448 606
10331 614
99 415
2423 115
2562 550
1247 722
112 641
1002 8634
10875 328
902 851
2355 257
1525 4414
571 107
13061 11736
2378 270
256 983
99 264
1950 3100
490 1751
7470 839
114 283
5174 2177
1145 654
2856 614
256 865
4175 1900
276 445
1217 1503
11498 2040
111 706
3216 511
1265 684
1125 1328
444 1296
119 114
5583 1094
101 1163
1484 970
272 3482
971 855
1336 653
2730 714
280 379
366 267
412 3655
607 917
525 877
677 13147
1399 872
523 902
105 771
6336 4113
839 107
675 1103
1736 4161
2412 447
806 270
750 108
3360 1531
7709 298
441 407
748 4297
490 2304
948 4860
299 8922
266 927
503 917
772 676
645 4300
2790 372
526 445
6358 270
10524 115
3153 118
412 11397
2005 13156
9564 1270
1674 5211
1086 486
551 630
13065 13174
3073 12358
115 114
562 4519
107 8311
319 1667
818 11654
3143 750
1576 295
703 500
106 318
117 362
120 1605
1302 420
342 448
401 10766
412 2475
8776 306
9649 853
1140 277
13234 550
3715 418
813 106
400 104
765 551
9109 1118
2771 406
307 313
574 676
2702 379
1499 1527
717 502
289 526
1367 653
689 2177
3635 535
1096 97
335 1551
6023 2273
3221 1556
1238 1420
1161 7026
676 642
323 374
1414 298
12444 8620
12611 400
4126 316
3209 316
1002 2095
3756 8315
664 787
1084 100
2110 2445
748 1796
1838 382
9415 496
466 1899
3549 383
298 426
633 115
12964 655
3999 684
8356 791
2284 315
282 5426
1650 1428
2284 278
99 10572
2424 323
705 2249
10629 115
262 267
2954 382
511 1165
4487 1740
1924 11176
3116 488
301 794
335 2181
5651 278
570 372
1468 1250
1236 705
318 1087
317 298
105 4101
100 118
1630 787
1127 570
100 99
300 325
407 1916
715 317
9506 523
473 283
476 523
725 330
807 258
851 1586
9517 559
2905 117
2703 278
103 3237
1805 6310
518 707
1473 331
306 426
877 4028
1352 511
801 5373
796 476
319 316
459 2548
369 116
2646 6061
273 802
8261 6228
2971 277
576 101
717 1796
4543 275
1190 259
117 6366
660 104
119 1018
772 101
2074 321
281 101
410 304
371 102
281 115
4754 882
4735 672
975 6509
1868 107
114 418
2702 2341
5397 295
3684 4571
1331 270
814 1103
102 1183
511 100
2444 2988
433 321
747 2304
806 112
1127 1536
1484 5221
1046 3827
3067 328
337 117
4067 560
6562 298
99 367
420 421
2779 295
844 851
877 955
561 6146
992 277
10315 341
797 935
116 1599
594 629
2815 824
1351 279
772 256
97 493
102 1842
689 297
717 908
1926 331
98 2487
885 1110
2283 285
483 97
335 115
5388 7280
1046 257
6197 3221
1750 444
13404 111
2296 411
419 4081
270 629
280 280
270 634
4484 841
117 7263
665 13431
110 293
2289 102
848 554
258 7014
607 967
2069 617
8291 722
117 117
270 694
3514 115
636 291
330 419
259 4143
932 2603
1143 2426
1337 279
8432 267
1368 116
2362 1103
1853 1890
295 120
1735 521
523 1201
8238 488
824 3451
1004 444
1273 270
1484 5462
12883 380
11672 256
804 368
733 3025
108 272
821 277
1051 3797
520 280
3507 315
11560 411
2544 328
914 7886
306 2485
121 500
2085 2705
322 2343
1106 275
267 3134
699 116
10986 707
3595 328
743 595
5401 1046
1820 676
869 98
107 783
280 2177
4211 12982
115 1862
1473 521
1664 1336
13491 117
298 13402
2655 521
531 813
474 740
264 1009
5804 358
689 3797
114 783
3386 831
298 4234
5709 112
325 1238
448 2734
1255 116
342 260
1535 420
932 105
115 267
99 675
675 100
906 1791
2284 550
1312 6533
272 1139
2459 872
1112 633
13463 2238
1300 1719
354 100
5861 101
1008 297
726 486
447 298
3734 267
717 316
344 275
733 1922
1774 328
112 1960
260 1796
831 330
1615 955
7718 1006
1170 1519
7034 469
109 7934
1165 1381
711 684
720 382
4546 1536
870 328
4959 107
3249 331
1081 292
258 407
470 2468
1809 3369
107 118
706 991
1253 457
306 111
561 122
673 2751
1133 368
2903 382
589 514
2529 1532
565 265
2800 350
2255 97
5469 416
654 110
1219 350
699 12799
311 3352
687 421
277 420
883 315
109 496
282 1565
750 2233
589 2471
556 2092
3032 12822
315 411
10922 12423
848 1375
292 1516
363 104
4980 361
728 1028
371 498
1441 1333
963 963
277 4300
1511 115
12865 1184
333 419
288 653
8171 97
8817 7263
3563 927
498 322
2003 420
531 1430
1593 955
577 101
262 731
3083 488
921 331
607 285
1147 285
289 477
5352 684
1703 288
280 1310
5103 642
326 2986
9586 384
481 270
9374 893
2519 401
4740 102
3773 421
1816 407
551 101
976 1202
1269 112
1982 2131
2831 1120
1735 1614
2794 1148
5185 311
677 985
594 794
11991 2818
5494 511
5868 345
1561 328
1875 550
4434 299
4417 363
4411 453
997 1110
411 6179
1364 488
1601 117
972 491
1856 1924
262 784
630 389
2184 2249
949 1076
1002 11223
530 2345
1144 1001
280 486
632 1291
2488 5044
5348 9936
395 345
268 12202
374 97
5597 2705
689 316
398 4006
4819 275
261 1051
278 338
4440 464
797 708
5017 1094
1202 263
4330 9085
1463 2522
295 500
923 773
3099 13027
350 11686
448 1336
278 492
676 108
8178 275
589 270
963 2249
1556 1692
479 109
3597 8586
2198 336
6802 1093
1307 1515
278 708
9980 416
108 267
2874 101
666 316
963 3797
4368 257
2222 339
278 630
4818 2237
912 927
885 1010
627 103
2771 279
758 292
361 3524
929 257
101 851
354 1876
486 116
2538 104
4631 5575
499 382
115 474
292 13573
119 472
633 883
415 9386
2937 13711
115 434
1104 372
4019 283
12459 828
1081 105
1107 927
11579 277
8842 1142
2243 5970
531 834
3595 653
3809 261
256 339
742 1001
2217 1167
1368 307
1035 1536
902 3099
400 504
1340 279
481 583
2604 336
2952 1503
1216 100
2100 974
1350 295
112 1883
121 2278
1800 1115
4885 303
117 708
266 2734
5628 285
561 1021
891 620
1351 1110
1302 1087
1295 521
503 257
476 8747
6507 653
503 316
4372 1256
4829 2517
417 313
366 13185
765 1001
1355 338
1255 372
299 11061
4256 360
531 1054
566 1333
111 265
4812 97
1150 299
1074 1681
648 280
517 2083
499 8501
455 1922
864 100
4422 358
6702 569
5634 684
4885 1578
1929 1345
298 350
2099 5386
2945 281
771 5451
1486 3920
1137 275
280 553
298 275
1766 5184
765 1401
810 321
2860 9444
3885 257
697 12791
262 278
1220 109
716 585
311 3336
100 1628
496 323
467 97
561 11165
1383 621
1356 270
261 630
112 882
869 9658
417 101
2034 721
121 2470
264 280
2735 1038
1997 847
3291 317
1926 893
12339 101
971 336
433 3464
1746 561
466 116
511 1092
11182 330
2278 684
574 98
362 107
1222 3237
843 847
775 97
350 412
3247 280
861 5826
1473 421
1933 1833
399 955
306 3980
398 556
3840 330
3295 489
649 121
1319 5169
1300 2440
315 98
904 275
805 260
7912 292
1002 927
326 109
1464 917
2532 267
306 1028
984 738
100 1427
2878 782
6450 102
3690 514
1632 423
2038 6367
618 406
2972 3403
13858 7455
101 350
8646 684
421 99
8108 298
459 1148
259 6119
362 426
8536 278
270 281
1140 13815
328 7117
807 102
256 1073
2035 336
119 1360
1786 1504
122 1640
114 1183
3509 379
116 370
110 1549
298 773
964 12146
3923 1069
3116 11834
514 345
1884 694
901 293
4119 117
8790 2815
319 103
862 339
102 590
293 279
1615 418
3851 1069
278 4838
574 1063
571 1551
551 445
4874 695
668 4290
1373 122
1293 1075
672 4509
4264 714
374 111
2362 281
7367 7736
295 354
660 814
2873 448
771 12558
417 1246
7035 406
525 10035
4725 4167
481 111
1490 650
1246 333
114 1811
9196 6038
9140 330
551 261
687 834
590 2601
740 653
5316 122
1248 1740
11922 308
315 4941
2320 336
2040 394
1145 1404
2426 905
1879 676
1834 1328
300 3270
13405 107
3102 1890
2979 1224
645 787
458 1745
10844 328
435 104
297 345
1599 1745
13493 1628
435 97
1225 675
2000 321
1079 97
342 11447
821 339
3899 100
6664 111
448 120
4550 295
6194 323
1451 1256
594 489
399 323
861 992
673 1558
2632 1519
307 4814
288 511
307 1840
108 339
262 4081
3435 2377
1155 279
1633 488
11733 13760
1555 279
563 3694
97 766
2029 444
267 483
3915 453
1464 1090
7582 653
668 805
2019 330
110 3743
2935 511
116 1090
465 460
104 379
808 1307
634 280
282 516
99 664
1273 514
3907 983
10416 709
5234 1256
326 2199
3907 1009
1499 1458
13850 298
465 372
2589 285
442 2030
102 267
394 277
5889 275
1224 1812
831 372
508 707
271 464
908 97
6738 102
2223 2623
486 457
12787 309
708 3340
1265 2638
8967 1119
2891 1506
103 1427
288 3358
450 445
1319 1381
98 398
313 293
863 3569
11887 514
278 5283
1033 1345
300 122
422 2273
306 121
533 97
4192 257
1429 354
13365 304
11351 261
1356 489
1429 262
2578 472
8176 787
593 279
1183 551
326 3906
639 341
8774 805
3072 721
3196 1531
310 2573
13386 1034
2585 1131
322 97
315 267
709 12370
869 1097
634 2808
3885 372
2090 277
3107 523
2175 277
1508 116
2595 983
581 97
960 101
1104 4260
442 315
800 847
445 853
728 1144
306 339
6056 285
288 2548
466 109
963 3519
1511 97
771 263
5805 458
775 118
6670 521
316 824
687 331
3435 1151
1166 721
1184 270
11256 3004
516 325
13478 576
1147 8071
932 1383
516 280
1077 846
3234 905
638 3664
398 2204
3295 299
1074 330
13662 336
2830 448
411 3936
11477 121
1962 6946
762 115
3615 316
932 898
531 104
3635 1792
717 765
1286 1271
100 12737
1332 1346
686 4973
13611 1585
1201 2282
1058 1195
278 3049
117 2363
7130 361
5695 684
105 576
790 1063
1609 1755
843 694
400 1959
3886 486
1902 1665
2766 486
412 263
801 299
2072 323
1112 6470
291 358
933 521
1869 100
668 350
881 4161
801 321
12133 3457
1394 259
2184 653
466 4453
311 1592
107 2165
281 7978
715 847
8465 3987
4411 270
395 322
805 97
97 1734
1937 707
1937 705
315 1110
1371 285
257 4049
2416 6231
824 270
826 448
433 102
13678 111
406 770
3310 1792
110 389
116 99
1572 849
5041 257
566 521
1087 684
2942 927
2894 2769
1389 444
2390 687
333 802
7968 13103
1239 280
458 801
107 629
1218 331
492 10266
1314 927
686 665
318 277
1330 103
13567 400
297 446
792 6346
3343 308
7398 491
11354 1115
14188 523
514 112
474 283
438 2783
5718 102
885 807
1982 4300
2713 336
1470 1234
551 4541
1464 270
848 905
1386 1139
317 576
1216 256
366 7823
583 6333
1451 1148
4988 917
2244 101
1402 486
262 1504
703 260
1322 676
594 14115
1962 714
438 1497
1868 617
262 11069
556 5617
2517 684
2838 1022
467 12749
438 116
4698 371
366 676
2274 418
377 1082
1502 6607
3667 2606
288 3112
6730 321
2230 428
3405 695
1749 323
771 14054
626 7335
99 694
2544 1667
788 3757
1142 97
8781 97
3103 439
766 748
387 812
315 581
2655 1517
11932 373
411 360
2519 1611
309 439
1153 686
1876 3829
1230 1226
471 593
5854 277
5291 111
1759 851
639 103
294 336
3822 302
6442 1094
1125 521
2450 279
6544 3059
908 118
400 282
1639 277
997 1722
100 267
320 3654
603 1103
341 765
817 122
277 346
105 120
438 317
5111 277
2779 1092
5436 1022
728 1370
5862 11492
342 709
2019 1328
328 7845
6474 1001
317 433
2331 115
705 2266
1399 105
1184 3478
3484 1863
641 265
648 1851
5201 1498
7653 4513
781 4896
742 279
1425 445
107 267
3291 295
1112 423
270 14256
518 553
2851 5185
291 607
1027 8458
111 1556
574 4423
4977 3215
693 1458
945 330
370 2735
3605 3639
342 793
420 5777
1962 279
458 324
280 1463
1100 2620
5049 2618
4212 699
2996 1751
1332 805
279 102
708 341
869 793
728 262
1826 459
492 1262
1644 407
1002 955
333 321
13799 2004
7346 448
2138 2171
13937 1191
8250 283
328 106
112 9963
272 256
8944 827
3822 1862
1331 684
377 370
2175 3363
277 8891
951 8313
366 1380
407 1658
118 377
11952 3494
929 1009
727 428
8480 4323
551 111
310 271
3334 295
3667 588
289 339
3086 847
1322 121
1107 7525
310 366
1368 681
1510 433
371 98
8220 1345
3623 433
1108 8309
2927 855
556 279
2646 684
1782 1310
1959 11231
759 686
4657 112
904 3442
266 1167
6486 1751
621 418
6045 683
1184 117
7829 4256
438 882
1591 787
1008 1107
1717 115
1813 263
828 500
1008 1087
1394 9531
4661 330
11238 849
1770 771
112 470
1479 6987
120 116
459 813
736 1550
1352 13037
7420 796
504 415
2480 684
1433 308
10526 1034
3053 2095
10421 614
13696 6340
101 687
374 100
2778 2511
2759 1022
9620 350
434 1833
13742 585
2084 652
3563 1148
683 628
718 418
1204 653
1410 3765
675 1028
7113 491
2927 550
482 115
2562 277
1018 559
1092 474
440 673
1839 1127
426 122
561 4682
10219 336
676 111
696 97
933 489
11323 1081
2468 277
4024 411
4501 554
301 1039
5748 287
1350 7624
1265 1310
278 556
299 267
2989 1348
13771 1531
370 590
7943 617
262 2486
627 9339
419 6361
1934 11813
11958 523
2370 299
121 1819
2770 2612
464 699
1704 1503
12831 8313
121 453
103 1960
263 325
1336 917
5359 115
972 1381
4416 322
1267 2218
1170 299
929 280
499 446
554 112
394 115
3111 383
370 4845
1096 4410
592 2804
106 446
1622 492
106 2718
1312 8111
1962 905
111 105
689 3778
1168 257
2865 321
2175 1010
972 787
573 2345
762 801
317 1420
3072 2126
604 349
1133 2995
1081 101
434 331
3140 629
1273 521
1650 270
1644 1498
342 261
419 579
9411 279
2882 107
13739 1476
474 593
318 3519
97 781
11693 361
704 2531
2739 333
13593 672
104 419
1587 372
6802 102
7976 372
5017 2895
256 423
279 523
2510 336
1442 447
1190 6606
2946 3237
997 279
1173 2460
102 2806
776 341
2535 282
2822 594
913 368
111 447
115 1084
797 101
398 1745
5757 1375
11316 728
11156 299
4366 843
394 748
508 582
1654 496
1184 7591
262 448
3415 331
2509 617
6674 10984
6792 1556
2200 1069
474 788
8723 6119
1807 550
4021 3699
828 3080
1786 521
2288 1390
1259 121
326 5359
1641 1001
12195 5459
100 460
908 481
6748 1573
458 111
933 1035
1698 3969
711 773
702 11899
353 1094
264 14037
319 617
3225 2769
3355 8972
2658 338
1731 97
687 426
317 1155
270 1376
1356 257
411 102
1896 3225
3876 399
105 1585
421 263
1686 343
2071 97
366 4027
5452 1703
6623 368
100 112
14565 277
1486 1497
7653 11347
3855 257
1673 1069
1006 801
2593 626
7960 1165
1327 109
942 381
758 1267
2184 2486
7941 298
2222 550
270 3028
322 428
3771 458
319 366
2909 8295
4001 714
2078 275
1077 2081
740 112
1926 1589
1962 11123
2456 872
1193 1390
487 1370
1184 295
337 299
12005 1069
494 299
103 378
7373 714
11718 1075
514 14596
502 1536
3234 1375
503 3318
12784 347
765 438
280 3797
576 111
272 274
2184 917
12968 893
429 1110
287 1037
581 317
116 1853
370 117
6326 117
581 299
2635 370
8913 1191
1336 2249
513 2385
2235 1607
5757 905
5597 343
423 115
1006 110
2482 1454
1817 14652
651 108
8882 279
5117 263
2474 721
1314 3209
6971 593
3085 1703
362 448
469 839
341 298
7960 687
4190 121
330 115
2983 2065
680 535
929 2249
378 9008
781 267
412 265
372 111
594 1011
972 394
767 279
316 116
651 3218
1184 102
490 1412
1117 1404
5201 1607
4369 97
1112 1497
13071 1095
1807 1250
2603 496
1147 3442
1671 869
704 2020
112 492
468 508
117 1890
1595 104
892 2581
7851 789
569 366
2402 2377
273 2204
2418 281
590 109
429 1988
546 117
590 117
4990 2939
970 378
5977 11327
551 444
264 6457
882 267
733 7020
503 2249
3567 330
1231 466
261 1131
3375 315
738 121
2051 516
13045 1262
7743 316
1643 277
552 284
1082 259
14723 6887
705 8642
4127 6871
5376 270
6924 280
14728 1673
2184 8111
551 4067
2127 3318
1350 5831
347 485
3845 2121
116 118
2382 302
1350 9816
14643 779
3057 2171
7301 407
13472 297
482 117
347 279
7181 419
334 115
14705 474
318 486
617 291
526 317
526 292
10824 4180
272 1876
1987 267
1114 676
5201 13517
863 2406
2514 263
804 493
8802 1226
1251 1370
278 3155
292 1668
561 634
516 1262
104 569
1145 4721
13622 3202
6474 361
4549 684
1002 340
301 457
6075 521
1040 97
1265 927
262 1174
824 560
870 1503
638 3291
976 380
438 1345
2827 2125
640 284
5032 411
1509 3477
289 1189
11043 1508
2885 9371
996 988
715 2729
308 2273
13747 14588
101 1535
4240 279
101 2065
4425 494
354 2808
581 630
117 321
486 97
8277 812
97 1011
1330 323
495 1165
10842 3778
12915 985
378 510
10500 1504
7480 333
3721 101
2531 278
1839 103
12578 328
3430 331
888 416
1962 1191
1216 11689
11818 715
1119 8779
6658 347
2012 14035
2851 3831
731 9014
1041 347
1307 281
459 275
1145 2486
932 116
7605 1867
108 109
108 107
805 935
298 6951
870 389
8186 315
562 267
6137 366
298 110
8976 843
2175 107
4299 1498
394 270
113 297
407 102
1911 1348
3732 1808
1584 5115
1226 263
8017 2895
258 362
1312 103
720 2986
2382 2077
2535 279
112 8267
2829 416
1708 1022
468 687
590 4640
772 1579
98 437
1674 6329
261 787
8710 108
3132 117
9458 3235
1114 322
984 315
3420 4503
2184 3519
298 434
6456 99
8832 6534
4260 116
412 775
1896 1665
7889 7906
1612 275
2042 927
825 1148
648 328
690 550
2460 1345
2275 3363
4386 1256
12077 107
115 1454
1346 319
2656 7674
1463 115
12906 97
1570 259
1356 358
1400 5466
322 115
2398 407
1126 3617
1493 2509
929 1808
516 7610
9985 330
1331 1310
270 1458
350 265
2665 428
350 280
717 2221
839 7150
4896 672
391 588
1597 630
107 331
1013 521
1018 3059
670 855
13595 527
280 967
4487 10674
11624 114
444 323
740 107
700 469
810 13798
3403 694
5413 406
387 281
2530 317
311 1952
328 1516
120 257
828 98
10037 1554
1184 328
1235 105
1008 806
298 514
5842 115
4584 905
2491 531
3133 1840
289 3202
1302 2323
475 277
3366 450
279 4457
115 662
1993 1919
504 116
1768 521
119 4732
2176 665
2765 6180
728 304
1224 1376
1312 1148
4969 1368
7840 383
651 1503
979 447
697 560
1361 115
280 1305
12681 521
999 1087
299 771
4740 100
2310 1901
399 1401
1632 378
2241 582
459 1127
2480 1949
6486 1679
680 11885
14301 1857
280 11923
724 630
465 641
563 1867
1634 1922
2023 684
6727 275
265 7646
2072 333
642 1743
473 99
99 295
7001 411
8355 714
556 411
3969 389
13630 7496
387 104
1727 295
620 869
4693 1506
696 362
114 275
1553 112
699 1279
829 1238
2989 382
1145 653
607 3944
6101 257
1410 2126
4163 382
590 121
2511 367
4957 789
1329 100
5218 12256
288 101
6484 1234
115 982
2418 418
1415 263
4705 278
1217 933
563 6037
97 295
317 829
2422 494
1645 488
5740 2218
1233 278
797 3369
2034 8557
597 1006
3148 1202
270 556
118 1381
14485 303
1805 319
1710 406
1221 4732
804 12284
770 265
709 11094
859 3092
316 307
1924 489
3341 382
4470 554
280 279
718 292
5634 1148
281 1107
639 7261
828 1402
1114 681
11759 317
2465 562
282 433
5800 257
4855 8360
604 14395
592 380
14929 13955
7301 347
448 1444
267 572
6845 2866
3999 1688
972 1497
1555 429
12779 281
366 1881
666 257
3615 983
556 905
407 1027
2144 1765
976 372
12074 10588
1643 2282
292 121
119 282
399 387
97 574
301 379
4840 725
12376 577
476 5182
456 744
10296 299
1125 345
4861 298
411 630
320 1148
2982 1381
3393 411
1141 1087
2730 445
616 633
2051 8606
1216 394
318 582
948 2517
513 315
519 8405
604 256
651 898
1461 444
450 4589
445 336
14931 609
2767 446
2479 614
1461 401
3223 494
292 317
489 97
665 97
399 109
1578 444
4725 2618
797 322
486 2879
3507 105
2466 1359
317 1477
114 1018
14429 318
2744 1535
1588 1607
12591 4855
831 12089
788 406
360 1052
1008 337
459 331
97 5261
1236 1688
607 1898
2909 444
517 1688
804 687
2836 4136
2401 1202
562 318
304 122
1548 108
7795 561
5086 2486
5234 1890
1314 1328
1173 1110
953 1784
14765 472
10568 527
574 3087
4889 936
10970 11136
5990 488
832 5876
6380 5176
676 589
719 328
1184 12485
4911 1511
3385 263
1860 469
642 102
5496 2136
267 1682
1924 7745
4366 3735
3391 3265
4967 6915
107 103
1329 11315
306 3789
111 282
10612 1682
829 434
13988 109
267 2754
7803 265
2057 6907
3567 7781
4330 492
11019 653
4862 847
1707 525
1481 634
10967 1532
504 812
109 358
511 521
863 318
318 6323
4549 1148
12745 6489
513 1288
112 2321
3074 328
1253 372
1570 282
1320 855
6277 714
1612 486
2943 665
680 3269
563 111
315 374
1389 714
7828 1249
1572 1250
115 1290
412 10894
3723 1028
2235 714
315 4114
1353 10910
3047 7247
6103 1401
9373 15142
734 358
3732 1679
271 107
4133 653
2146 267
6164 653
3052 259
354 445
1511 108
466 105
531 1311
851 3399
281 5869
15170 3202
775 112
831 955
362 122
101 101
1584 2214
1051 3569
498 259
3383 257
1854 917
4050 1755
4466 350
740 102
2308 448
3461 270
5376 1022
1406 15194
3313 1767
1422 281
2034 516
1915 4766
2138 2486
6252 1388
14526 279
984 9160
1880 521
9322 360
6056 1167
2235 807
115 697
7093 1256
1221 298
4848 370
289 406
861 1592
3308 1291
394 787
14731 4959
1490 328
4058 4470
1347 2077
1233 5892
446 298
859 1830
1701 416
15269 7034
1253 7226
14209 1335
2911 554
4175 1682
9429 115
8249 1256
1161 1404
10132 801
280 1350
627 826
106 630
5451 9474
2312 1009
1204 955
1220 1664
349 4774
1857 270
101 256
751 5046
5797 496
273 2479
1972 464
1225 328
2780 1981
929 800
6445 5543
3384 2621
433 372
994 270
5065 2300
891 295
594 1370
9224 7831
266 1517
772 456
301 1508
4725 1506
514 366
5274 318
901 302
6850 328
10963 2601
99 374
7509 1256
500 3035
942 2249
292 8215
342 15264
908 14184
412 486
13620 3570
1126 109
8355 905
3403 257
105 3410
6830 440
437 415
353 1603
3308 500
912 3091
6316 1249
1437 3940
1144 2199
306 14650
256 789
1217 1750
433 6748
4980 868
503 2177
2942 1148
481 104
2101 328
1231 411
12960 489
579 297
518 1458
1997 316
8496 770
4422 1103
7691 2458
673 2461
1307 4704
526 4490
1467 97
9804 1402
752 1431
280 318
1233 336
13746 447
556 118
2043 744
4306 551
7367 6261
318 1679
2639 855
2836 1681
116 5504
6013 451
2305 464
686 603
1527 295
2183 316
633 527
3033 383
709 267
435 118
12730 4232
1010 100
1400 2774
1814 489
733 1719
2312 350
330 1046
14692 330
13077 1349
487 3400
3238 684
758 15341
315 1001
371 2426
10006 714
5837 2644
3229 316
1448 898
716 108
744 102
1131 105
594 261
98 10536
3266 1310
7027 343
2392 107
106 257
11822 843
1133 2741
2240 275
533 1087
119 373
6856 1497
6326 7511
902 277
100 622
4215 285
324 684
15376 1160
2758 270
828 14001
1145 4984
2427 278
5427 270
551 10571
2234 695
2988 322
2423 908
360 1277
720 1272
2935 453
325 1195
490 2683
1117 3432
369 2869
3344 275
1397 285
378 11591
1046 3400
292 368
749 486
292 366
386 653
1225 1554
1545 4124
1514 331
103 5454
994 546
2862 117
8559 406
594 116
1033 640
3922 762
1190 633
1216 116
14303 307
354 111
2656 1038
12580 419
1239 3612
262 118
289 2103
2946 721
3070 1669
826 2392
345 945
3586 722
1425 2064
10398 684
2400 4365
4271 380
437 965
415 689
881 1497
4209 489
10679 1689
102 437
954 3690
765 1160
111 4058
923 6149
288 8517
412 3165
1351 10385
827 1054
467 292
474 1365
4741 617
1343 12738
2641 308
4189 14941
1692 108
832 279
1499 621
604 106
797 121
6381 367
288 8642
4781 278
7232 444
1336 298
7178 361
6996 1256
607 14150
1046 8174
5186 101
984 458
1869 622
1511 354
6627 1503
1612 331
464 109
4051 905
1004 1558
1854 617
2275 115
306 3616
2897 728
1205 1556
762 434
759 330
794 3583
5577 257
7336 1110
711 843
280 6021
4346 521
400 7071
908 361
1276 1001
861 336
5593 2095
99 1693
264 418
411 104
326 1497
10021 292
581 120
4657 725
304 342
929 1901
265 1231
298 1144
1030 285
1383 561
107 370
313 4431
6529 306
350 313
288 525
15553 8448
6125 10095
11345 11856
1314 1688
11229 967
12157 4104
2210 1444
10230 2967
107 396
736 317
456 323
433 2931
740 100
6740 2136
861 428
4597 714
5593 1310
11608 973
7957 787
828 116
607 5162
747 3546
1221 465
15576 1748
320 331
6080 407
97 4189
2428 275
2127 1508
4470 3004
288 1076
1598 1048
10479 635
315 105
805 298
2234 491
337 500
1588 1498
1041 1719
794 331
4260 1148
5300 485
3323 374
511 325
11695 12404
277 1589
1553 804
10023 1603
810 1346
1418 486
119 1195
845 15032
8491 635
2007 1210
15607 282
437 7811
9426 1094
5328 1148
4299 1607
2268 258
499 3908
115 531
369 1321
563 5722
635 504
304 1751
265 581
310 308
11467 383
1573 103
627 15533
399 4806
606 1084
2265 1148
1308 6525
617 6728
2773 97
1322 111
270 341
668 13932
10074 7071
326 4114
2928 115
4211 13335
3784 1038
12448 11284
13064 1495
400 701
15641 116
1306 684
4468 6992
668 473
15524 1038
1272 6729
504 328
2810 9556
2001 3071
288 983
109 6502
1145 1087
1160 8517
6536 7219
9967 2548
465 5319
15657 13434
1406 112
389 2706
1634 3005
616 4143
3354 122
3962 325
298 10010
1291 104
1933 976
4770 437
270 3477
11931 1465
703 4167
2310 3735
2067 308
805 102
759 787
115 826
112 433
14257 645
1145 617
741 380
101 708
1404 299
1849 13787
1857 97
511 4103
304 606
435 469
15667 295
5253 3766
3435 2597
112 9669
110 494
1896 489
605 1890
6442 3531
4660 708
8010 905
426 109
672 328
383 299
2943 322
1820 3254
104 664
848 550
526 306
929 1256
479 116
10034 1310
1002 4136
2427 1982
11530 333
1117 333
1429 1900
2966 101
4001 1401
627 1401
2210 117
8829 101
869 4282
642 708
589 446
1908 280
1008 1404
2331 927
2278 421
278 715
114 115
2145 328
583 2149
8910 1368
1451 684
869 7030
350 1024
121 446
400 1294
4285 5560
11060 107
4967 642
10324 8149
107 2526
1698 1890
1584 1401
8646 1148
12101 787
111 8762
3036 3477
3587 1294
1468 3336
433 3727
15521 321
2493 5906
370 542
2517 927
106 298
2865 496
793 681
4260 684
771 556
1704 5129
892 330
8321 7361
605 1256
288 379
12789 1310
2381 1516
324 11045
526 111
6170 257
101 1682
103 9890
1080 118
14107 825
378 15772
1827 278
1908 653
4416 449
8222 1658
1150 5622
400 106
807 15466
533 1090
590 1195
2759 1808
100 1994
10117 714
318 3368
3561 8557
1336 3519
15571 2095
121 553
9426 361
9629 1156
5634 927
3399 101
2331 684
3517 1901
5451 260
715 1365
722 551
2946 9929
859 1497
1146 275
842 818
264 7972
705 1087
1069 665
118 560
4621 1375
781 13990
5740 1901
677 429
9377 1216
579 810
594 101
448 267
13455 4103
440 101
559 4514
100 1851
267 1646
400 400
3631 5089
1221 9897
7231 449
433 581
7500 2136
5734 560
102 377
3948 105
846 109
4051 1375
486 358
1312 3508
733 2384
387 7462
1520 101
12642 1628
12190 13245
1161 117
1582 275
3750 849
914 770
307 98
122 1465
1327 283
503 3797
4722 3092
621 1076
1084 105
121 974
612 1401
2942 2774
350 120
381 3912
10413 2644
326 7704
279 1063
105 106
281 2266
2791 281
3313 1022
3249 257
1429 326
5938 647
10126 361
394 708
530 358
881 1173
5218 4198
1482 256
5358 5109
100 389
1704 3546
2585 281
5463 108
2480 2774
503 3519
421 448
1235 1249
12541 449
4001 2061
1346 275
4837 256
592 897
4524 316
548 307
1051 374
311 2939
262 319
105 1722
112 1545
831 100
9866 15322
660 2729
1673 521
818 9328
435 964
2305 4956
1190 1497
1888 550
387 653
1295 486
289 1592
2148 279
10023 5282
5697 4272
492 382
4872 445
465 99
715 453
1051 453
270 1359
908 3624
768 1183
6103 1375
2849 496
108 1028
2310 8757
627 5892
454 416
845 2384
844 301
925 315
616 360
3456 2413
2480 3508
1331 5370
7323 869
5436 4247
110 551
1584 2061
4339 4339
2427 1226
1087 1148
942 447
2482 447
2952 328
1294 5861
4563 1069
13791 382
687 278
10357 101
278 1446
387 380
9360 927
1358 380
103 495
459 2774
360 122
1265 3748
1184 492
2502 2016
283 378
1105 259
806 831
13872 1339
859 5169
1593 4136
4660 107
320 2774
891 1171
262 722
1539 407
116 645
311 2030
3965 416
1211 273
2378 97
1155 1250
1619 714
13574 829
805 262
1393 1589
105 444
1584 1745
2744 108
4091 721
399 10175
97 119
7373 905
292 569
6442 1603
520 4708
469 1002
1964 1603
4021 15985
1545 2065
337 3884
399 6356
1650 1096
2663 278
121 1365
1331 3748
262 11781
9455 2647
11788 653
6303 4247
4264 2061
101 328
777 720
1475 345
1615 4296
1637 633
2625 108
848 367
1192 731
627 905
1267 421
1674 6944
1535 1229
108 2286
6315 411
1641 4114
1479 116
1451 927
343 428
1637 699
300 1406
869 4834
4605 617
10779 101
366 116
399 2061
7514 5709
3563 650
1807 445
1115 15901
1386 645
6295 278
1609 8405
2214 406
14906 7947
11738 277
1086 1359
5227 308
4731 687
1349 278
574 3920
4331 411
10188 307
503 2486
835 7796
6396 4247
885 2741
4747 974
283 111
14874 1148
1459 3137
16048 1642
6045 400
4264 1401
2604 550
2948 551
319 116
5687 347
12783 793
104 769
689 1812
8603 1081
3549 1057
3822 1755
1411 614
474 105
1233 10175
4369 5014
111 708
1267 6021
1615 358
1231 267
8755 917
102 748
1765 407
3855 847
1112 2479
2845 10401
825 1868
7178 1094
7364 783
1231 505
11612 308
4698 579
591 105
395 449
97 3319
320 3508
1484 1348
2562 336
466 514
4051 3042
3380 449
415 6696
6022 121
465 2223
16093 101
2358 2593
1222 6343
863 1270
641 16097
5737 1094
366 473
10034 3748
2735 2504
664 457
565 1096
8786 3247
277 523
2474 1516
6778 1900
3633 281
6996 1890
2748 675
3079 411
2480 1148
1033 108
3435 7381
10126 868
800 97
449 97
4386 1890
2729 694
304 654
1185 1263
370 711
297 338
12917 2244
318 281
968 511
3053 6201
526 323
1087 927
6734 401
1030 582
7509 1890
1908 270
747 6797
2825 905
372 1206
2592 5087
4029 1863
435 2852
108 261
1466 469
1383 2653
3344 1978
1910 1069
1008 7026
2607 2199
3637 416
3592 1048
12971 893
117 420
6598 3729
1941 341
2053 3432
280 3002
1581 14584
407 14064
2382 12705
14851 1901
366 526
476 317
13479 869
5832 2077
2635 980
337 562
2480 927
863 1899
4364 10499
4172 372
3702 285
275 588
4372 1890
389 707
2911 367
520 418
1008 2959
802 336
12798 336
370 1390
845 1778
1929 406
605 12155
826 1411
297 5014
8571 1022
4351 331
370 14759
400 109
2247 114
107 830
1782 3748
800 316
2101 630
845 411
99 6185
687 2485
8010 1498
4557 978
97 2244
1233 2061
272 1233
14672 4515
1499 980
1742 328
2376 9859
892 496
2730 315
1051 983
5832 13928
280 2171
724 298
1110 394
4415 2855
4390 1498
104 311
1967 3717
888 333
7366 457
292 266
419 576
1440 336
7181 707
465 421
1131 358
988 315
6474 2199
3755 267
266 2548
2838 4247
935 791
1315 445
2524 616
7178 1603
2187 97
266 2774
1560 444
5049 4167
10159 3134
6463 1081
848 2458
3329 1094
15287 606
562 325
14602 1571
323 347
9280 406
5615 744
2051 100
493 98
493 102
8328 563
330 783
113 358
12720 2205
388 1354
328 748
7091 121
851 331
276 2514
265 109
572 257
7610 963
724 13395
877 504
881 616
455 1988
4330 3059
370 2366
372 672
298 496
3021 3192
1672 1642
6929 263
107 98
272 960
561 106
847 791
101 1987
731 3790
808 411
574 315
101 2681
531 1184
265 1374
1722 116
1355 111
6856 283
448 3560
103 115
3471 1650
2949 1458
3880 105
940 3437
2853 445
1577 263
3426 2030
826 3482
3678 488
465 121
3178 2470
2409 311
1469 331
6216 97
7352 3032
1221 118
12070 1508
1466 882
801 762
122 302
705 2104
107 356
313 8655
964 317
5851 257
861 302
1117 1090
1400 577
1404 791
298 1074
520 4011
387 402
1283 105
2096 627
315 492
1115 4864
110 10748
10349 345
9834 805
13155 5824
2731 316
5348 5288
949 100
10959 1458
1030 1812
845 1090
2002 3602
472 885
14734 345
435 16262
1041 789
14956 14136
577 97
3670 1978
829 1501
119 13094
1644 382
3491 278
2375 2238
2661 277
1672 350
514 686
363 2593
7609 122
12148 407
563 283
4515 277
662 421
4776 581
979 328
500 283
3463 274
2134 465
1041 1791
2615 763
1964 118
1190 282
119 4658
2730 1745
101 412
278 106
546 307
1701 451
6322 265
350 5980
448 712
1919 1006
289 367
119 13588
11964 104
607 1087
830 6749
5401 2418
1146 4893
1993 416
101 367
2928 112
7438 433
389 2638
7998 295
311 2343
448 589
9027 1808
369 3770
1704 270
884 459
307 2421
4378 789
719 935
2946 421
1144 6292
687 647
116 350
341 363
499 849
2099 121
999 14052
3752 282
121 100
2026 6636
14604 469
326 1988
5204 695
6844 4713
2317 285
5909 407
407 828
901 287
490 2169
407 964
16419 801
2141 1717
954 927
2468 103
306 16395
516 111
3481 284
796 705
13508 2601
6785 372
98 2321
3117 3011
9975 308
350 781
97 482
3380 334
1107 1792
2253 5510
5499 3624
278 279
3436 331
1233 7775
5855 714
115 1755
341 111
12584 4766
4855 271
121 1558
692 554
970 474
470 1901
11056 1167
469 3200
1045 2360
2614 2030
933 321
2245 2718
845 562
282 468
6134 406
740 595
500 1343
717 818
892 2977
383 7951
1080 272
265 3025
6675 100
105 827
101 9773
728 804
526 282
347 345
1239 277
7403 303
1477 1160
6740 2606
6083 2218
634 706
5534 684
16267 13474
333 13605
5187 721
442 1785
4051 278
15299 354
374 270
466 12085
103 724
827 13892
2241 1037
407 724
709 394
2086 318
4900 109
3719 97
121 507
14172 283
1062 1390
1372 263
772 576
997 633
373 597
2179 304
115 1946
468 3655
515 112
399 477
486 5426
338 411
371 805
797 389
3057 328
117 7677
1374 288
276 2149
1464 1087
1244 109
2184 453
612 428
824 7476
13993 304
3096 2693
328 4762
711 1148
104 321
2911 306
2966 267
104 374
6989 263
2448 12308
115 435
5208 307
810 118
6836 5965
962 2512
104 275
3709 13738
4644 115
256 329
1145 1667
400 3900
6822 382
2651 511
490 3577
97 768
400 449
310 1062
503 4721
1961 265
2991 14426
827 1268
1983 812
717 372
3173 807
772 1002
12489 1160
109 112
4934 7754
504 689
2051 101
2509 654
1330 1899
426 536
1052 363
7062 423
2737 511
627 481
2111 1743
1926 567
1254 936
360 844
7673 9155
104 122
6213 1081
4458 279
954 3632
15819 514
1411 1922
5958 5814
12770 569
417 279
5101 15935
442 11403
1280 868
692 277
1514 582
1393 275
464 928
842 102
100 371
2320 550
994 839
3028 105
2767 5422
1286 118
810 267
724 1516
14147 2593
101 1959
513 1477
1008 3221
885 323
1193 1172
2026 1584
10725 328
2406 318
8119 396
10311 423
2184 1808
520 983
1253 330
514 2116
604 963
337 1628
1599 849
1276 2210
1051 316
4648 278
436 3005
861 1862
1274 485
3794 279
360 1405
4343 270
362 3178
2028 283
1869 1054
11152 275
342 6261
99 1009
6057 2644
117 4749
2028 345
1389 722
302 1623
15875 426
1170 1167
279 433
960 110
2138 967
325 106
4250 1405
5174 812
3517 288
794 2728
279 426
16627 373
881 318
325 1726
2120 582
275 113
5819 12332
1295 331
482 810
445 13265
279 486
1789 3862
1722 1380
687 267
107 440
4352 451
279 471
412 102
13978 322
3303 332
2856 1750
6528 851
1568 117
942 373
331 378
366 2631
345 1978
516 445
298 683
499 2631
1195 765
469 100
1643 4143
3139 411
566 1106
1765 1011
616 421
533 265
1161 1268
3958 6707
621 103
1892 553
772 4337
1308 1589
320 421
651 1404
475 315
369 98
315 99
5938 4984
1184 342
14394 7371
10890 117
831 794
14850 263
536 4351
288 1119
1934 445
697 630
105 395
648 1554
2466 5982
741 97
322 267
455 1719
1300 1063
328 105
844 8122
9546 5064
328 120
639 590
1908 2638
99 100
2250 974
8945 469
272 492
1464 967
8050 330
10198 1038
6055 7351
1354 469
12103 893
1034 380
3038 1167
477 279
261 1286
7487 361
2794 1119
1082 10082
813 712
11626 1629
982 116
2272 6364
3662 2307
486 2177
472 100
499 2328
1686 97
4657 114
3615 694
677 872
929 818
638 4966
504 366
6837 869
8859 1034
2695 511
401 1755
827 771
309 546
715 10065
114 367
277 12106
389 105
814 1028
1575 97
1972 9002
114 311
6955 383
1332 101
10799 1016
2699 460
1276 336
12859 2494
1255 582
399 546
720 2448
99 334
1103 16607
9186 787
2355 494
2773 372
1225 1103
825 1792
101 1277
1807 336
2891 108
3567 328
10227 278
459 847
1565 279
1722 787
642 1405
846 574
1294 482
583 1250
3578 4668
122 769
1023 446
421 1010
110 418
626 361
1481 277
1785 263
15366 2057
929 559
366 270
2716 1250
705 1751
740 1104
108 3457
366 292
1239 367
1778 394
3133 2273
1117 448
908 6624
1565 446
456 1941
1107 757
110 299
797 675
603 521
1011 100
10414 1658
781 6922
1158 107
4153 641
318 3171
1453 433
9563 877
15736 1628
2827 8153
349 394
891 1632
2079 257
11728 366
8460 111
385 2385
3452 4168
569 1216
2883 257
1332 500
1385 444
400 1516
1079 103
1163 771
5204 491
1674 2757
4425 275
326 5959
894 278
266 1699
11070 1622
1307 707
261 2806
1433 107
6064 97
8873 1335
884 676
7268 791
4456 101
630 1390
4029 1840
4139 361
5906 433
2543 426
4683 279
10046 307
411 708
4608 1830
3254 366
1096 341
1288 6195
948 980
378 2829
2208 116
455 423
929 270
3344 494
280 3369
9326 787
3123 1263
6104 960
1100 3859
892 389
2480 1324
407 298
2130 771
1602 5240
8644 3124
7314 789
117 8368
267 445
381 1650
328 2224
267 354
845 1721
797 277
3955 256
2852 1743
1674 15806
378 282
2447 277
5678 10499
1859 559
5671 341
110 1427
604 372
273 444
493 1802
2816 1797
842 773
309 319
1976 330
2581 978
1346 107
3940 360
932 103
2466 927
299 98
338 11965
726 331
597 383
576 10907
289 2149
4063 1477
2909 399
16160 1238
4982 99
726 3100
2614 105
257 1102
99 546
434 4514
2089 935
344 263
3807 328
3614 445
113 318
9422 330
1293 3530
1486 406
851 267
13650 1442
113 270
7691 9627
768 4627
2461 750
3323 770
1144 287
7227 3542
1018 119
627 267
2576 295
8869 285
3752 633
321 102
4674 1063
877 1681
104 112
2678 970
2182 15866
2905 380
121 2204
14978 3835
429 2213
811 978
788 1110
116 1018
7999 307
901 6292
2778 394
477 1428
1168 117
1988 105
277 325
1854 2104
3355 695
313 3023
984 317
561 98
864 121
6322 1405
1838 336
2333 268
598 1055
11919 12763
482 1367
633 116
278 10804
10390 374
3872 257
511 582
1347 1862
4524 257
1751 707
100 1741
7563 4270
4171 105
111 374
1052 101
267 111
1318 307
1278 1519
1253 328
1847 567
3723 328
343 1745
2086 8888
11341 109
814 1554
277 411
747 9073
562 99
8078 492
516 1646
1150 465
1459 272
99 800
824 6632
358 122
421 16975
4866 1328
1051 280
734 498
117 1432
1171 328
5237 562
1161 3652
772 1851
308 98
3780 770
2870 1592
489 570
810 482
315 407
709 748
496 307
6225 3771
861 282
429 1390
283 11117
465 4190
264 6981
1312 318
775 16994
861 1755
6507 453
5194 283
302 15268
572 121
1448 420
112 999
1314 331
324 97
100 2661
10307 336
861 2971
270 107
103 500
2947 116
4740 444
107 6980
473 306
1173 1682
831 935
2370 4896
331 347
786 5159
3152 582
740 115
2323 328
2758 2305
2686 97
494 257
280 1458
494 270
588 331
1985 17074
1539 488
5631 789
16338 420
697 594
9940 444
2520 257
511 330
7787 121
279 3348
5185 450
333 307
4301 2847
109 597
511 338
2255 496
2207 494
343 554
904 299
567 1202
891 2754
546 260
99 110
370 106
797 1192
627 773
3709 4499
697 715
115 518
1494 606
4830 406
1929 882
2997 285
627 807
307 8064
2079 1380
3086 812
1040 3369
469 16224
8460 1011
1272 1611
705 2304
2909 4956
1573 117
763 97
421 103
1997 521
477 341
1298 847
901 3265
2610 1536
1857 298
2639 550
863 927
801 487
11172 6119
2004 3979
366 104
1265 372
99 504
2102 3692
270 449
114 398
14039 328
475 116
1119 101
1057 669
3594 12500
17142 606
412 370
810 2483
17027 2181
5951 9758
630 330
1293 891
112 706
1892 783
901 282
310 714
3958 6912
458 616
826 303
16360 6638
337 102
862 323
1225 447
646 720
824 1605
1040 306
621 328
281 4040
1033 2653
1641 279
901 336
583 1137
3360 5240
4577 651
431 307
487 1104
3113 328
6264 570
549 278
7195 1500
10652 411
97 3188
10287 380
97 503
271 1755
2554 267
664 1028
311 973
6445 275
621 2842
949 3923
7259 257
315 1096
4584 428
17040 1726
787 445
1757 263
5527 983
862 498
7928 1900
7942 328
97 298
2914 869
579 280
12797 1721
295 291
289 1431
2689 444
1974 1355
833 1189
5267 336
1356 588
1356 629
1908 453
717 1461
2818 1864
1112 1063
801 111
1763 1046
2933 885
295 4110
2733 893
1358 2250
6072 259
809 3953
4384 8815
696 101
1039 103
400 1452
1547 1899
559 2781
1770 523
6556 115
3248 382
1566 2335
15678 1249
16489 101
2800 521
1368 101
1079 101
1429 2065
282 261
2364 1103
2222 278
257 118
1218 275
1553 298
97 589
940 855
2953 444
3728 488
7542 791
1494 15951
3507 324
4172 496
1441 1620
12521 1959
979 4667
5204 334
338 315
267 665
476 328
1468 1592
1392 1412
1283 6147
9368 553
401 101
17143 322
421 665
704 807
7512 617
3024 812
731 257
3843 256
5525 257
456 760
4278 812
7186 282
383 121
421 2491
1318 2688
15632 508
399 4164
1565 2972
110 107
333 765
731 446
435 1481
337 9062
677 347
482 283
403 2950
870 4286
1337 109
664 104
10332 2433
3579 1364
8015 411
496 977
1108 561
3273 531
567 1978
1986 99
407 328
456 15095
511 1620
10450 433
5740 418
309 370
743 1292
2144 12055
1077 2946
442 1862
3553 336
8180 278
490 3318
1163 97
3430 275
1199 100
2791 112
490 3519
265 449
4524 97
676 1119
1174 321
5056 316
12967 446
113 419
3412 742
1236 1620
115 293
3229 521
3361 270
266 6677
845 101
708 1794
4881 516
740 2935
1033 4782
1317 972
1486 317
877 297
476 1179
4769 367
326 3694
2256 1532
11143 277
1031 3790
6684 345
758 100
1163 468
2666 108
4143 744
363 450
504 686
11549 4890
549 551
2211 380
1027 6284
15943 321
2388 982
469 1047
315 4423
421 15428
3086 275
5459 279
426 1419
101 3320
111 469
2748 295
1264 299
6036 1430
341 748
258 411
350 117
642 100
310 1440
8570 974
2891 1442
2951 2783
350 102
363 361
8130 333
318 3660
2539 1272
14292 967
6322 1368
6407 378
342 551
634 17353
300 4335
648 1268
471 4783
525 457
740 508
2791 298
4679 4213
6730 3379
268 982
1224 383
1224 328
4955 4322
3595 1412
7331 3936
2102 14281
881 1082
2051 2006
1300 1941
421 446
333 1229
6822 1348
953 877
562 106
7230 16502
2757 361
277 406
270 1327
1018 325
3345 1531
1076 791
6379 282
556 2274
2487 111
288 2228
115 9388
14536 1465
516 5795
11349 321
3381 277
3266 2180
6981 318
11367 6035
261 639
1641 1381
1295 285
1143 333
2787 273
4020 6499
14753 488
1141 358
8030 980
3826 117
844 374
4365 5152
660 278
574 115
1599 905
1171 420
2096 598
7431 299
574 97
354 420
2146 297
318 1138
279 473
328 1349
6238 6907
2374 969
7333 1348
1764 330
389 2842
310 2932
112 1444
6850 9405
17455 5067
3461 317
12212 807
708 283
106 2549
2764 1595
1184 292
1143 1072
4693 834
470 1291
13255 5257
15344 1589
1080 793
481 2689
2448 16861
3245 360
4156 6450
259 7445
1246 1531
105 400
98 109
17403 321
1224 1354
805 278
12232 893
465 825
3108 570
3965 1256
1302 1554
648 974
912 12215
11640 6349
1539 278
1107 8875
106 559
1100 1726
282 2758
17498 345
2476 303
1773 481
1857 1961
786 3834
469 973
3849 5555
3585 382
106 606
2432 308
299 851
2530 1075
317 5965
2877 511
2253 400
5438 368
1006 116
9153 2271
2983 4713
3214 1504
10954 893
2891 319
112 523
7342 2250
2979 562
1508 350
3321 279
3943 278
2856 511
590 1556
384 111
366 3025
1171 14813
446 500
114 458
1140 8709
1731 418
4104 570
573 418
490 2186
10722 1179
280 115
1561 358
1807 411
11295 328
5920 1380
796 588
891 345
3335 1028
12878 3778
801 261
579 2882
1859 2711
801 282
11328 1077
831 2386
1575 99
2537 270
262 831
1476 411
1161 805
1008 2304
621 6713
525 1090
120 97
1336 629
621 330
1789 1629
378 1811
281 4113
422 2920
2537 330
16700 307
7402 1336
844 793
1735 316
5000 316
7195 787
299 2008
531 1868
103 2233
374 101
3223 967
313 1174
929 629
1905 2385
1789 108
116 1646
711 10138
2142 336
311 905
1565 306
972 4850
4358 4985
1279 112
715 16876
272 6250
1352 1291
280 368
4458 5713
1016 783
502 588
3610 521
672 270
5065 15382
1169 794
4062 428
922 2693
2346 1855
718 362
6691 1055
1041 1922
8250 1753
1391 17568
10042 458
929 11209
3117 1719
100 974
466 706
264 665
280 263
2758 569
307 589
2894 257
1354 725
1634 1791
12393 2705
2006 111
617 319
2369 3664
727 905
700 1429
833 315
7265 1381
1125 5386
5969 2068
689 1069
323 2054
709 315
374 411
8153 97
1854 257
3812 5328
672 457
4318 394
282 347
2818 2728
3071 786
508 419
111 771
2222 488
326 5975
697 116
4836 361
16613 322
574 894
1230 550
342 6918
2223 849
1190 769
282 278
257 121
3662 684
474 262
4949 1760
680 5484
1030 546
793 2124
3798 1982
2846 115
1125 4182
2101 1087
2081 1010
12388 331
789 97
1343 109
7721 383
2266 1669
976 331
7777 801
12815 500
700 898
474 3805
2649 367
1096 280
263 354
1142 280
1231 1409
1405 680
711 297
522 382
119 318
2179 275
1265 783
929 298
4747 1458
7928 1682
954 502
520 415
330 575
14180 256
119 366
288 372
4502 521
17365 267
467 6304
110 99
1000 285
1654 715
328 2007
13666 748
486 114
318 593
1220 500
270 6609
322 7674
1618 1749
16563 448
4243 1589
1427 1770
382 101
14697 258
3169 2241
482 325
378 307
4277 330
434 407
583 1730
6355 847
1533 3091
411 11097
1241 262
1499 800
672 1628
289 619
5769 361
256 373
5901 10822
2345 1519
102 17646
2167 382
1514 316
1976 328
3080 337
278 805
10428 893
3140 4011
97 8080
843 496
1320 550
796 1882
1364 550
2767 361
400 438
6044 369
318 2104
16644 283
5990 1189
7944 551
1110 380
12667 306
3910 298
2870 336
5291 105
831 298
8559 361
113 257
1255 489
632 5859
5056 496
329 4481
503 492
279 551
1218 1308
4526 97
2733 445
400 11222
294 367
104 118
530 4396
297 793
704 695
4644 885
1557 1189
467 280
433 712
1835 1063
3581 112
728 2261
1484 3365
469 1092
2053 275
606 2890
1535 2941
1632 1811
1576 1013
832 263
790 17263
642 101
350 103
300 104
4862 983
105 117
107 122
516 3409
911 775
736 1457
526 3953
1908 783
505 279
711 1359
1894 382
561 101
281 3023
929 17812
121 843
3512 1517
325 2754
810 278
693 773
111 342
1231 13135
338 1432
2139 2653
2822 10226
1112 5764
301 4992
2000 1721
4545 295
323 103
273 110
108 5199
281 1667
3162 284
3183 1890
100 488
2925 331
521 328
947 372
3045 315
11552 449
2005 982
1293 297
500 98
260 1229
5669 2273
888 684
2200 330
315 264
639 280
16264 6832
3003 257
1219 421
279 292
901 10178
2563 680
921 521
1350 556
6310 560
1012 1784
2370 2127
317 363
115 1306
411 111
506 1899
435 853
906 406
13701 771
122 328
581 106
1622 1879
1312 257
6701 983
5038 1321
1314 421
1853 1167
311 17086
1789 561
1267 97
1483 2557
266 439
1153 877
1358 447
442 1250
13894 3632
2236 453
533 418
3001 275
940 7739
1599 3666
660 318
17156 111
4893 321
362 100
281 264
790 1852
1016 264
16446 423
3969 936
337 342
2162 15274
14353 115
259 828
3840 281
281 370
802 554
102 1429
458 4561
616 444
322 4589
10412 2485
972 98
14718 5199
473 407
2739 849
382 970
11536 407
337 460
1488 295
2983 2460
4019 1110
2838 1667
475 298
277 118
717 12550
282 11553
499 6768
468 105
7701 336
530 97
8025 13866
2795 5044
1778 13865
700 280
99 102
2122 278
11449 104
3884 118
2319 604
863 3984
1040 709
110 1770
16928 121
282 3164
466 417
100 1262
6788 10004
315 1345
1805 639
421 117
3461 112
432 1131
331 105
3335 3930
367 100
281 108
465 748
1561 489
1429 1390
9358 1483
574 4069
305 1792
16636 3077
17961 4438
1993 451
2028 3369
717 588
112 605
1120 107
1632 318
12838 1216
490 2249
1479 103
5361 970
434 4954
1418 316
2254 722
1868 106
3329 789
400 6654
771 97
3816 2237
270 493
1765 97
2641 677
317 1632
10599 489
912 331
12249 1380
6331 2421
4412 570
3414 347
1906 382
2654 101
2766 416
1811 115
15096 8535
1251 2342
715 974
16423 505
1516 97
4901 411
863 783
901 279
262 813
1639 5258
10901 2482
112 458
4913 105
2093 372
2072 317
3103 9982
709 106
986 14708
500 1277
12373 256
1084 1335
4520 898
733 339
1051 6185
4244 750
4639 104
280 498
977 108
1006 394
295 337
381 2000
328 307
1216 581
381 342
1765 394
1086 1167
6703 450
802 108
1641 491
683 590
2617 834
882 1184
1443 382
3142 715
706 469
6249 382
370 279
4640 2057
99 10820
11518 399
350 2392
366 277
503 2169
626 259
1033 2741
1229 282
2040 338
970 433
373 773
318 421
426 13047
281 1200
1368 10043
933 372
2551 330
672 358
6670 117
5656 119
378 9982
3350 97
472 315
4285 481
9035 259
470 3145
8297 8231
606 6157
2963 496
1112 1151
996 2064
1004 308
6608 307
16824 3109
1992 101
3301 982
14025 1994
9480 3137
772 12643
2145 280
2026 1349
2008 707
12856 336
2765 100
472 438
2704 380
499 6247
10482 15913
442 1755
1086 350
118 1429
1546 324
2481 378
18095 3659
2016 2208
2617 110
3399 444
267 639
972 3920
465 2896
516 1195
9618 496
504 2104
835 97
362 1307
112 17760
3313 328
315 12108
1385 278
108 328
6134 1110
1814 371
6734 278
119 265
4924 428
581 2040
119 283
8859 112
798 1119
3378 380
2695 582
7563 9697
373 11573
503 1412
9862 1536
4633 270
2194 308
629 270
13846 5722
1002 504
317 8064
366 554
2717 1555
1680 1555
110 106
3779 2693
407 291
673 1758
16668 1156
4139 1094
1190 2549
676 793
121 597
1241 394
1306 1119
826 1420
516 556
664 115
370 1367
1826 935
2129 494
916 3091
260 109
2051 1585
1125 451
15498 315
632 421
8023 499
4393 278
270 2305
1749 282
9016 563
4482 489
9527 616
513 430
665 101
292 288
7316 109
3403 1812
14936 370
2473 445
12241 318
843 421
256 343
6072 2064
908 7160
1735 847
1174 363
1707 257
11752 107
3561 1668
3239 725
18102 281
2567 429
4731 1264
1399 446
350 1390
422 10043
835 847
477 630
696 676
261 942
2455 99
11357 686
2067 550
2226 267
3567 1103
1107 97
1293 1708
797 1605
6472 1792
2374 1797
1018 100
12043 4891
345 1075
319 2104
265 111
257 1206
399 6761
421 15511
12863 334
925 551
16189 2282
2263 828
111 444
17511 412
525 350
280 748
4878 489
2401 582
5495 275
2209 489
337 13301
1641 695
398 444
708 1697
257 722
6331 278
15377 967
277 338
963 107
2453 11727
16891 374
14493 1173
1591 5810
577 4696
1163 299
270 5591
492 1946
12978 445
11518 639
288 7121
412 782
498 6094
3579 275
12245 420
116 886
338 827
2418 7371
1494 4365
3782 117
378 641
1834 1620
326 3951
1579 112
1074 3577
2851 1234
3634 2194
2735 298
109 279
2849 655
1612 350
827 318
4938 1459
851 105
877 103
1579 3018
112 1546
109 315
632 898
1853 763
316 3182
4212 869
806 563
5828 748
315 5659
266 10035
468 775
1542 331
4326 342
10752 3494
829 2902
8755 328
4223 2458
1030 421
98 7665
283 2010
10324 277
308 122
810 1268
2142 550
561 1917
2093 2021
1190 5381
109 444
387 486
4745 12350
317 2601
10341 601
8395 411
1051 421
17723 1589
5087 343
291 675
4821 117
1312 298
953 1333
9564 271
18310 906
110 556
5217 336
843 1009
279 504
458 438
14530 1750
17742 10673
549 1532
793 97
469 7511
4231 100
10752 7214
826 13364
99 3405
3570 10897
1911 278
270 121
337 7407
373 277
297 748
3840 270
1007 3145
1351 6470
925 444
5209 307
2255 295
320 316
469 111
468 1628
107 473
469 116
894 4628
3407 1840
298 728
4444 550
266 8163
561 474
306 445
574 17193
826 100
11804 320
279 9219
2376 3923
283 315
447 2008
120 270
1773 347
2067 1755
921 421
1582 2660
120 306
341 2960
3365 1202
279 106
475 307
458 270
3592 270
1005 383
104 2335
109 563
13242 893
581 370
1015 284
708 323
468 122
2432 444
4329 105
373 11173
308 1216
2664 582
881 17351
500 297
6643 116
845 967
1306 439
464 262
4769 2238
16682 14304
295 725
6731 407
1701 496
99 1960
1595 6751
1512 720
2827 963
6066 1096
3079 908
14576 714
616 4578
1123 4954
1418 350
14285 5152
1373 341
421 106
4507 372
908 628
1731 372
18401 437
12723 401
350 4845
435 6270
2053 5816
104 997
112 597
16102 343
112 635
902 793
112 630
1834 582
99 2705
912 5982
412 299
13453 676
1870 102
436 516
4118 114
6104 325
676 279
445 581
1765 111
2870 550
1473 1978
341 372
293 361
6617 666
989 489
954 773
10688 6782
3388 1538
2733 722
2085 1315
1163 2388
790 1110
381 11553
7172 1095
6879 944
389 6118
4204 588
433 447
12297 3233
8402 8402
642 827
2081 708
328 447
15665 370
2057 379
307 2233
766 2305
366 4416
271 11598
1766 108
2305 5771
581 1743
3413 1167
262 1011
1115 4543
1977 317
2210 331
4041 445
2300 256
810 559
2474 18349
1173 1922
590 122
626 492
8583 308
1255 521
826 420
281 1501
4754 1497
7676 18305
280 453
6847 278
2845 316
374 104
1307 783
13260 323
2845 257
315 1108
2319 259
982 306
740 980
278 317
5096 607
8222 563
2324 111
806 467
280 389
98 632
411 2102
16109 11704
551 291
6788 724
5585 1719
377 111
8723 18212
280 331
9017 12619
1480 970
10443 8986
6581 328
106 1268
17227 5575
561 4668
280 3132
18516 1229
401 315
7527 117
426 106
3378 97
3102 416
366 498
2598 5590
1092 416
1011 104
1573 380
801 102
740 629
869 466
3794 1094
17223 9918
18235 748
2764 114
3140 2442
1163 894
750 98
5307 481
531 581
15072 4250
621 3351
1591 11805
827 3911
3377 970
2284 1250
1110 1300
4348 122
670 1592
316 6346
362 748
15730 5288
5495 773
15352 1106
121 264
9368 707
1107 1172
7921 849
1163 793
1637 1791
2051 14123
15174 17414
277 3912
99 2218
8152 17281
4053 616
1946 449
8529 285
2247 3624
4128 258
3258 967
1096 292
108 278
2664 331
1158 13176
4086 983
728 2420
1171 1085
324 1457
378 2930
256 5411
4339 2307
3264 122
15668 372
12002 339
793 1368
4071 3881
5873 3357
115 103
323 748
711 318
1319 1719
1814 328
7222 267
1174 4532
7512 629
121 706
9750 551
1340 107
121 760
1108 675
1466 323
122 609
468 16285
1962 1151
2111 321
1141 1103
825 1485
106 500
1894 8461
801 6595
833 101
117 279
826 2233
400 101
6603 1437
11491 12805
260 111
1367 14677
3454 112
551 665
2949 1901
322 8360
9142 1808
6712 411
881 769
354 4113
304 1346
2435 550
3161 12081
3639 257
116 1080
4671 368
1468 2103
1574 2385
1069 504
2802 5646
4776 420
2568 14433
15286 366
441 105
473 1793
606 4775
4018 844
18404 102
1039 316
439 112
434 345
342 256
10769 418
10408 765
11915 307
968 687
881 894
984 107
18289 98
851 447
14914 8615
1300 1791
386 1370
347 2647
5627 15807
345 3823
672 979
344 496
3036 345
374 630
1233 807
361 407
9975 10764
4764 328
436 406
18219 5314
400 445
363 4782
1535 14491
1224 1919
2074 521
697 1075
261 1605
1247 278
465 301
7902 885
447 277
1961 345
971 1431
2510 382
294 277
808 97
6008 299
3807 330
3001 1393
2506 551
370 842
719 453
565 97
2209 383
814 493
2732 1519
675 1554
523 2997
1047 7532
1144 282
1560 2593
726 421
6702 6570
1560 315
307 7234
469 2855
321 98
3527 279
1224 418
793 371
1574 744
3292 270
1411 4118
6700 7450
279 1155
1654 321
400 280
2008 3221
3021 331
641 3351
4650 551
1161 4361
1106 116
492 121
953 1620
3497 2593
2724 4324
15196 748
16504 104
498 100
593 407
280 642
3448 498
2112 1057
1197 14075
5255 1830
3282 491
1781 286
6678 687
3550 1745
6274 972
10852 818
1137 489
1578 112
7269 2693
2040 11586
16467 2386
5620 2054
97 1277
262 426
973 426
6079 1355
576 350
926 1090
1682 323
3779 383
1542 316
5709 400
421 2818
665 13473
846 279
908 491
775 330
110 992
6305 105
866 383
101 1922
9527 361
5632 278
1114 9540
1125 4667
16704 773
1637 4607
472 589
2707 285
2406 382
4524 372
846 435
13722 260
2207 103
5471 383
757 372
459 1359
842 500
574 433
354 268
802 2149
294 554
1593 4992
2471 533
2284 445
309 1642
2424 282
825 306
107 1960
6923 1038
1736 7532
2763 4478
2174 1167
402 1055
14886 2010
830 102
473 12224
119 2339
2386 104
4524 496
363 112
7127 340
265 1010
1800 4746
550 279
261 554
827 1833
9161 110
1727 1328
1314 1699
1579 316
2444 279
849 109
1405 328
1806 1328
572 115
350 489
3128 2558
2426 382
288 1183
2374 12084
901 7665
2678 717
343 1335
1553 1069
3221 2176
360 104
4623 444
813 788
4354 338
306 1238
1257 423
11030 789
13433 808
16188 1451
1929 3920
1777 2547
13101 1506
18729 1696
1576 1172
5401 813
12066 1249
408 336
10476 707
516 279
455 1791
3845 4098
279 98
17617 677
315 120
1184 371
3573 121
2508 550
1112 4323
320 415
4515 265
1416 318
504 103
1027 4189
717 1799
720 1693
8663 416
4269 849
1306 331
456 1791
109 622
14345 2233
259 15914
1443 550
258 771
11551 669
598 6060
546 342
7777 13984
2337 723
726 1092
4343 2261
2845 521
270 370
342 1163
3412 347
1866 6766
116 5817
10966 1669
465 2321
556 339
3218 295
12068 849
3540 855
761 119
839 319
4045 617
556 315
11678 2967
259 14430
2607 279
6517 7406
797 2286
1114 970
18907 3989
560 546
291 265
570 100
119 844
5516 744
749 983
2622 278
2877 371
975 1163
1655 278
2402 1719
771 112
114 421
5489 849
366 121
3589 1885
912 275
1364 336
1682 8227
313 883
1184 104
1731 496
721 407
511 101
345 1784
98 812
3678 110
511 120
317 1551
1759 117
863 5486
2013 1947
11789 1532
2748 1106
1392 415
279 2007
525 629
4073 109
436 3906
2276 2279
1288 101
4639 10517
7521 336
445 2075
1590 550
1225 420
468 18697
1999 265
419 1167
18066 4410
516 106
368 292
1008 10914
747 1268
1998 847
2726 1264
395 363
590 104
1656 307
2068 1081
1092 7868
717 10065
260 563
13332 322
569 282
419 5070
607 1404
1046 447
97 277
119 115
734 1387
2182 935
1246 268
282 111
3762 17428
102 1833
708 1286
101 709
3855 812
2787 992
9793 12956
281 1465
1857 115
1562 1111
740 717
481 100
2773 496
1410 3694
5969 2559
2850 316
3407 109
932 1759
19000 308
1294 280
3391 787
287 109
7101 105
1007 3793
6990 2214
116 109
4677 2006
8419 267
1780 2660
6356 5943
1123 271
1350 5853
933 331
1399 787
448 1402
374 1585
119 18804
18712 2013
2784 1035
5096 707
4977 1022
318 415
2589 1328
761 1039
3975 372
110 317
567 1784
833 277
641 554
929 694
2320 445
398 1055
15761 9697
1630 487
271 793
827 9025
5662 4213
3702 4787
559 117
328 7677
8826 281
1710 283
517 457
1411 361
270 748
2718 4042
672 453
1977 5617
936 581
2883 316
5056 97
12183 7528
4900 3535
18041 2321
1668 345
594 418
1644 13008
4969 407
10295 407
4556 1785
270 14961
2324 11527
6883 361
122 675
306 1758
3461 765
322 2445
16508 318
1273 3611
5537 494
1548 350
468 2984
315 3724
18788 1195
19076 321
824 2006
9519 1811
1184 3940
748 1444
906 2440
270 908
676 4118
804 328
18878 2730
4959 7172
2928 533
6883 256
801 14585
373 11534
121 458
765 744
2799 317
2384 1155
383 2996
15909 2054
2427 445
8866 382
2220 316
1557 450
399 418
1131 4410
106 297
15051 787
2915 1575
307 393
263 445
2786 284
8738 827
632 321
386 1087
299 438
371 844
117 372
1962 677
758 307
604 3226
7976 97
422 604
6778 1682
1133 1497
17266 350
1905 7792
673 1785
101 1693
8340 2852
117 350
297 111
516 576
3410 635
309 6114
1368 2600
3340 121
323 6107
7498 275
976 4713
4958 5005
12228 317
1021 97
4866 486
265 317
5413 1830
300 801
1368 407
2174 17119
482 4737
2311 257
1072 13968
1857 14842
115 411
2400 260
9224 282
10607 2205
378 277
1115 2438
19106 551
120 2289
5854 744
11804 6618
3787 2266
292 279
465 399
725 805
4781 122
3070 1536
5056 257
726 380
6439 257
16767 3660
17035 6607
520 3569
324 14583
1461 277
318 2266
434 277
19017 288
2897 908
113 447
1995 554
845 97
318 686
318 680
4727 299
14764 2485
374 576
566 97
466 9489
5056 372
1514 17567
105 1465
835 812
4594 330
818 1551
1389 1431
2211 2603
1765 6304
338 11968
740 1573
1933 373
1735 974
696 2479
877 281
10683 285
6600 285
915 260
7814 121
2051 9239
341 2543
1646 787
877 324
562 4177
415 3963
731 13353
12412 265
3958 5810
2435 336
469 1039
3070 3357
466 17662
19208 8228
5711 1551
433 720
9420 283
16562 2276
307 102
3368 275
523 18466
572 259
1365 394
455 2678
1364 1250
8844 18492
916 2021
3229 983
372 709
498 107
5439 444
257 708
2389 280
4615 411
642 98
381 658
642 103
1108 434
703 687
8565 308
264 7378
7725 3783
110 1183
6992 438
433 680
949 1784
1556 675
1921 275
114 563
2053 486
1443 2514
531 1227
1682 336
16083 5202
2073 546
4510 551
7414 350
12460 1415
298 347
1081 472
4664 521
317 1108
426 15483
266 6920
362 3292
282 849
10946 330
576 282
11955 458
1579 4438
2851 418
9183 12651
1865 275
14249 1697
267 105
266 3436
419 8380
583 1952
3059 1743
6781 893
448 2861
16851 1420
3213 328
495 6699
13334 16564
11033 330
318 997
318 10898
6710 278
2381 292
322 116
527 1233
2284 336
492 411
1222 4113
793 8647
5471 275
1265 6118
1533 5006
1103 434
1928 267
6889 1719
3838 744
1917 116
282 19236
15186 282
1677 2086
1643 8293
5459 109
728 1087
7636 361
1100 3417
323 1390
3499 11866
3845 108
122 298
17254 350
313 100
104 3178
715 270
1774 6797
317 280
913 4487
302 5966
801 704
861 315
18396 7087
2426 292
278 1428
1075 1082
267 1421
3014 847
1224 1679
7941 267
258 1386
8326 275
362 106
1466 1020
4150 13383
561 306
399 2512
3667 330
6290 1856
122 418
722 118
1482 3521
102 10536
3663 372
2983 570
2502 3322
400 6250
3366 382
3083 315
383 867
899 1286
387 280
2542 562
8624 285
358 333
1120 270
5373 1383
4913 278
19334 560
281 393
3965 763
17387 771
708 318
487 1404
2615 1256
16533 885
1100 3202
322 336
281 4499
117 1578
279 103
13033 4011
98 115
681 292
12876 19251
901 550
5790 3005
842 6891
711 9049
3821 295
2983 1900
827 99
468 99
4836 2077
3289 1103
469 1605
511 380
9356 19230
326 100
4154 983
109 1427
7132 315
1553 828
492 15814
400 2272
3655 19254
683 291
2266 2728
3741 115
4764 1022
2130 1055
14182 773
511 416
604 1174
616 17771
105 712
410 368
366 9241
105 1840
109 1501
19350 458
1691 593
919 550
2400 2483
273 1250
1263 482
7895 336
1509 2492
2008 328
15423 988
324 283
421 98
738 394
3122 19416
360 347
2187 9230
281 107
5230 122
766 1420
583 333
1177 97
1177 19442
7355 285
1632 272
11799 1663
719 773
10576 319
99 437
7427 15246
704 380
6440 893
2035 277
583 361
4285 7788
1041 4935
420 98
15008 813
2119 12343
368 16365
3469 1122
313 5422
9951 331
17108 370
771 99
476 974
728 98
11546 849
112 645
717 552
790 2549
114 372
7251 1191
511 105
121 98
814 1087
511 111
10530 14863
115 19370
292 1001
806 110
2949 3825
1052 2494
469 4751
277 17514
362 321
400 5005
2154 451
1255 655
696 270
268 17328
503 1667
374 2647
373 4985
1163 11878
4333 617
270 2000
3944 1536
16384 1092
417 4757
4175 2065
17300 488
1835 3206
288 1517
575 372
882 374
97 1689
13014 19423
901 361
516 104
1977 315
536 100
459 812
4394 516
826 325
877 927
4583 6716
11557 331
911 1760
526 4431
4782 728
8520 1055
6693 849
630 469
1329 116
1829 13292
97 511
4003 3632
740 4989
704 4232
119 117
435 354
1934 2273
3517 800
2526 378
2592 107
11897 630
7523 307
2097 105
1999 2649
1527 1833
3718 321
4819 281
2207 7022
2142 339
1738 722
1876 366
3140 6794
2823 1202
924 316
2040 277
288 9169
520 5486
303 1294
323 4737
11559 496
845 757
366 282
504 1667
2176 102
2959 331
1561 10886
3685 1867
18251 297
280 350
8434 366
370 428
372 4181
4952 588
17359 279
7024 849
740 686
1294 360
801 120
801 104
1780 266
10436 115
728 7402
577 1192
13025 507
18294 574
2057 630
435 1650
297 277
323 3750
4722 279
2402 2597
648 2169
607 2104
341 18527
1368 97
3822 2204
262 1035
3507 444
4469 2249
2395 331
108 421
282 367
19415 311
9990 383
101 1290
4711 526
2983 299
379 108
1145 4734
17440 628
526 434
12389 16985
2838 1087
315 928
448 103
1964 3464
374 292
110 4110
3577 1349
4483 1457
490 2486
4004 1760
10022 2273
104 626
300 19210
567 2804
97 634
326 7298
2400 12018
638 266
455 3640
4368 372
288 266
292 100
861 2204
9125 256
2084 361
1142 285
870 103
3420 19213
17099 366
97 706
3871 416
386 1028
411 711
2244 1743
4278 1009
2209 1485
642 445
515 109
1814 330
12386 281
482 394
2480 847
17104 121
395 109
16028 7945
320 1052
668 12413
9119 122
1493 412
7685 453
301 281
119 370
18028 7677
378 446
3021 521
3688 877
5247 783
2326 328
2729 3112
13216 420
117 317
3008 262
734 6613
444 4935
9303 382
1168 316
438 115
426 13253
315 19378
6862 4887
1108 536
1012 372
264 17921
677 277
3128 101
845 421
3128 97
3662 13371
530 8530
2838 912
1599 428
2651 372
617 1387
3715 1090
281 1808
4671 279
2572 1688
1615 2186
2290 590
3315 2103
281 1889
970 3976
604 363
13764 277
1125 416
1806 453
6148 496
1100 7754
634 371
2867 1978
1494 6922
108 1755
3038 285
118 559
11798 11920
1237 521
861 3336
358 5272
472 7128
1595 725
6937 104
466 1693
1211 5184
726 298
2012 773
108 1458
1368 328
1216 4323
103 935
448 285
9422 270
877 318
4565 105
2012 839
6701 707
516 2133
4046 256
306 3336
481 645
372 3631
758 101
13982 973
338 8006
769 972
808 111
419 1972
2589 421
323 444
311 361
731 617
8449 275
3583 372
12957 8462
1144 279
7352 1851
581 1016
3772 328
2317 684
1273 1328
2605 810
5790 1345
2463 6186
111 4078
1442 400
641 102
8399 285
109 3694
7993 406
12297 1076
7275 342
4458 282
492 109
699 3270
5998 4081
572 272
325 297
7917 1262
3368 489
5101 117
1725 869
13284 487
531 1128
1108 474
1347 11073
262 489
2092 447
1272 3379
3282 498
378 1271
412 1002
800 521
342 16090
264 116
672 8292
3213 4396
1802 13924
3351 782
3415 321
298 412
13642 303
997 1755
2732 1093
260 264
1170 1292
2758 1440
1682 317
412 814
728 3717
360 4157
1077 3322
556 6614
523 111
1547 304
675 281
2397 849
984 280
111 341
260 334
2406 278
2471 696
338 1446
911 877
827 278
942 114
266 4518
433 4630
7609 260
267 102
4133 11106
1300 1922
2714 893
2072 808
3689 2070
827 298
4674 361
107 9388
851 117
1732 511
2258 285
2230 905
490 14418
1591 361
19734 19791
3729 275
8760 106
2013 325
335 1420
639 306
1413 2121
1538 112
3253 496
1410 499
270 7003
567 451
764 98
14151 275
1219 486
8562 111
421 307
2133 839
1602 670
902 2054
563 6768
307 5510
825 257
4198 844
2250 121
1225 3218
445 1791
4245 1093
411 120
1494 449
3031 849
716 2032
8259 449
14975 17674
1870 892
4501 367
366 1180
18912 708
100 116
11945 1623
298 1048
1741 399
342 7795
5478 521
3056 350
1572 267
122 267
1018 447
3271 15206
885 101
11053 1018
1806 1333
112 789
1161 1028
1111 7561
728 1114
1579 275
412 104
465 1330
450 1531
5426 270
1013 582
3383 275
1392 3400
2639 277
4382 383
769 407
1897 330
2016 411
2742 582
445 5646
5681 277
1691 1038
17271 370
4848 279
16597 298
571 2644
6609 318
2544 2442
18345 5538
2122 428
1392 6794
470 1283
708 4040
490 595
381 1476
607 316
590 366
1766 315
1561 12525
3794 116
472 826
5456 416
908 660
700 320
8844 626
1615 1370
4584 1381
524 2090
261 16118
15992 2875
2367 275
546 1192
3700 2384
1123 1307
16251 2005
328 118
5585 491
12616 1470
2463 748
5977 2559
279 6957
2712 496
464 273
446 292
1011 10081
3951 748
4763 2920
360 2799
503 1808
551 2946
1490 270
940 339
6480 500
2175 1597
863 4250
11649 118
3733 472
731 4068
3068 2693
7170 383
389 1919
4458 1740
765 298
109 1485
3634 389
3590 121
12632 19977
9031 116
824 97
977 267
744 18903
1685 97
1775 267
18139 498
3665 6000
590 2852
6335 588
2408 105
281 117
7400 3263
270 322
465 725
567 1517
292 645
1725 279
1221 3099
360 325
740 14754
261 1373
856 1438
583 339
277 970
98 3134
1425 109
114 494
466 263
433 318
5213 257
9062 256
438 2081
3581 570
116 278
14658 379
1816 267
1655 258
3198 279
2005 448
1725 336
1801 367
16018 1233
105 630
99 502
99 1885
417 13661
954 812
891 2617
15863 9104
1320 444
2678 2890
757 1796
2297 849
5830 705
473 118
2607 406
826 7160
1632 2624
20037 1432
4716 105
567 1328
3401 15013
4483 306
342 8211
7912 107
7333 382
1959 120
14080 12646
1387 967
1547 2353
574 2384
333 101
420 444
733 3206
531 278
10445 847
505 1110
402 905
442 992
570 5952
116 474
733 433
1453 6277
492 5558
546 120
1293 898
10433 7740
2375 298
929 5275
1300 5300
490 1673
1163 1195
8035 308
698 299
1967 7995
280 502
1096 556
1096 551
298 980
5574 812
6661 1226
514 447
328 304
6780 1048
2295 257
2891 112
10855 885
2246 295
7415 406
1069 118
278 292
802 111
1576 16300
1483 19907
1834 2507
492 714
7374 277
1875 1862
421 1011
901 1555
784 1244
121 1548
506 416
422 400
2444 708
2949 800
422 9480
3494 4686
1128 316
4578 598
97 367
101 552
366 306
337 834
101 551
4121 451
3414 634
20116 486
1074 1007
113 6598
1634 1719
4182 299
18503 477
1031 370
4378 10458
344 812
1969 550
334 97
800 1517
1802 111
574 3638
592 496
379 1702
278 467
1027 1627
2989 105
2502 886
2162 345
297 279
318 453
11053 4484
736 4774
1034 882
374 445
1039 116
13805 394
7329 2279
2487 2057
2664 1035
660 1054
5903 7727
10704 1183
2655 275
121 265
18967 1650
494 927
8534 847
381 4417
370 1144
381 106
537 336
863 2341
8912 1090
4366 1912
1987 421
114 103
297 394
288 399
11566 321
119 2686
589 399
114 112
591 336
15733 281
2762 336
2111 2625
16539 374
18006 813
2133 4106
1255 782
1881 306
2810 18217
9326 3219
473 1096
1548 343
3513 808
7246 1249
476 4533
851 8736
4271 117
1077 6980
4072 507
476 394
1160 285
715 6457
1192 116
956 383
342 105
2714 2693
10042 3103
10180 262
2395 494
10637 1947
6225 1840
7721 285
103 4772
523 1081
921 2021
3855 3881
17789 299
8202 285
1857 19957
459 694
1103 11659
1535 7434
1571 19872
1197 19941
15822 978
892 288
426 360
627 116
347 104
10517 439
1140 18839
3715 281
1962 1105
449 19811
17420 8357
3117 3206
2953 270
5904 297
551 1535
8124 451
915 1191
4484 100
2134 645
4855 714
412 4713
2085 1885
279 829
500 708
2476 582
583 855
1204 358
711 407
6275 101
13273 433
1917 5312
6020 274
426 481
3517 5275
106 469
504 1808
400 105
2862 4115
267 411
798 893
2110 905
2810 498
457 453
904 1035
337 672
435 2744
318 514
2802 789
309 379
20005 908
788 492
1030 2177
4018 5257
1012 1220
18230 258
14987 98
1440 279
634 277
16282 306
1160 1681
380 389
2702 330
1033 760
4639 546
263 122
4096 278
1654 1142
381 793
773 4713
5549 444
535 3124
311 16031
3401 762
263 97
3080 1947
1961 4850
273 11598
5692 1753
481 13300
2254 445
428 393
1491 1172
3678 801
914 963
642 18036
1193 324
371 687
482 6279
19751 109
775 3218
6137 323
1041 317
448 278
1937 2625
3173 855
433 1195
14264 593
3406 533
8661 8736
394 280
581 936
266 6773
2724 3161
973 597
1054 446
3026 801
17049 292
2284 722
3856 1090
3686 5547
551 781
1232 2276
972 1791
1697 109
474 1337
407 12850
977 1010
2647 282
363 4709
845 18494
1295 582
1535 350
2163 4133
272 793
1367 593
693 707
3032 121
1004 1375
511 1352
283 882
19266 3439
504 1103
2220 97
394 433
500 842
4772 2008
5075 331
558 1189
13112 1571
5193 2214
3341 770
1637 1110
17466 9114
271 1247
1548 1550
670 1226
4269 267
450 511
3320 341
715 105
503 319
1967 6696
2404 267
17203 8955
581 827
1579 12229
2348 382
665 321
3976 112
810 4110
843 109
292 7047
266 7059
110 812
721 970
627 367
325 345
1781 266
17830 14714
645 366
2971 2054
1364 1189
1133 3206
300 102
733 1155
11279 1532
1163 270
963 110
360 1427
4603 103
1356 2606
429 640
932 1216
576 435
523 118
842 114
6836 11031
381 2301
1735 6892
561 97
821 2705
469 2945
111 315
912 5440
1463 3267
97 1241
6260 550
7932 283
1880 285
328 1040
673 1248
9708 328
4798 13599
6521 687
7851 446
7490 333
1930 360
2391 278
515 527
5372 740
318 902
520 784
262 362
323 111
282 940
412 4286
12112 731
5847 16639
350 1581
11653 446
984 433
10858 1785
929 2706
109 269
1463 114
98 2668
298 304
1933 3498
323 2824
1854 629
574 7238
429 5514
17644 3263
1178 444
530 457
440 282
647 372
1081 1038
1800 4720
264 3219
6492 511
260 499
2119 108
3609 445
511 740
883 317
771 468
1674 617
1869 8144
329 278
1112 259
2028 277
350 324
2772 277
932 13855
11148 481
1781 1234
311 3437
7027 789
18098 7781
280 1028
733 5382
115 1304
1171 270
20370 113
1763 1796
1614 331
825 362
2772 336
370 1868
1597 13230
5724 330
3116 1189
861 2030
1103 331
715 500
265 1218
825 377
1117 2442
417 97
110 526
2724 7713
4063 384
1320 1730
8867 383
775 4249
301 908
17984 1697
3068 893
288 514
16523 411
687 262
660 299
341 2300
20469 18370
1443 1379
861 1785
1574 445
732 411
1184 421
1511 120
1869 325
107 426
11880 342
1216 1075
561 307
1911 279
1041 1381
2654 322
445 3124
4728 770
4358 4361
814 2186
561 277
3083 277
687 350
1304 477
806 827
318 6495
1473 1202
802 550
299 12364
1727 5636
17841 3455
2527 115
1280 1830
267 1220
466 2933
18985 20352
2244 20545
1008 2186
6699 6610
469 117
2971 444
283 345
4505 321
101 17292
1897 275
10638 617
498 350
725 2581
533 319
874 20374
20332 3894
1984 3940
20561 1477
6374 2605
3204 7078
869 20543
369 109
17067 330
5028 350
2544 1087
1934 411
16017 438
103 339
98 99
433 1650
805 315
18070 1658
350 636
13923 748
2176 621
481 360
2005 638
548 99
2971 315
117 6162
708 363
3390 459
1306 358
1236 275
100 1465
622 115
2488 669
997 16957
2885 725
869 984
1253 18893
101 498
395 738
475 323
581 306
5011 299
705 4011
2783 279
1842 683
465 1273
340 8075
5819 2579
16190 109
20607 9914
9441 694
318 1404
1875 1250
7487 279
1300 1110
2530 1052
5389 321
1888 855
4782 772
104 14751
738 2984
20619 849
1509 847
1170 9063
2051 2290
1731 316
13429 5202
579 107
7513 3121
549 101
323 1052
407 1584
2434 500
1183 99
371 100
3066 2431
2554 3714
748 298
2557 20445
326 433
2564 367
5307 1516
752 550
2592 363
101 282
726 1038
6919 308
15258 762
3468 3219
6845 4100
326 406
514 1053
1680 1279
3221 11524
472 106
472 105
7953 1813
2639 554
4071 847
4977 1667
583 267
733 2653
741 3843
420 100
99 396
3098 304
7552 485
651 1554
4032 112
4032 102
372 119
556 450
12118 2205
407 886
7319 3313
1424 99
681 5386
476 3569
4007 322
3008 18300
468 331
3292 2501
100 1032
2654 118
419 1263
567 1333
270 424
6057 782
806 102
20687 2300
4041 279
1158 331
3453 5636
536 2008
3356 331
16250 593
5527 812
1173 1900
4073 112
1921 7693
416 3263
434 20699
802 1758
18026 17162
6213 3178
636 12334
3789 257
514 316
992 315
885 1277
326 1922
1040 316
319 115
696 323
2144 110
531 370
7880 257
118 121
2558 117
3403 316
989 275
796 1515
326 5722
1807 278
6375 106
1542 1978
9635 6118
474 106
1067 345
842 5275
402 970
9429 307
1584 438
12249 1262
826 345
307 2273
13887 642
4671 1988
651 281
5124 7787
101 665
381 1987
267 973
845 4989
1539 554
3848 275
374 106
2390 394
20427 712
748 115
115 985
121 14926
738 103
115 974
522 1348
1997 372
515 12640
4319 711
856 112
4417 111
112 371
740 2366
505 677
115 1010
598 401
531 469
1217 1665
323 793
280 407
330 366
8321 18626
711 3023
341 109
775 1175
301 8831
3737 1791
395 458
2127 262
2035 101
3574 383
1805 304
6744 107
8906 279
4174 1760
672 378
2510 1436
3929 2715
455 1123
1293 634
12721 3776
2382 259
862 3488
442 2204
3827 1390
1612 521
311 770
2762 407
102 5845
267 3401
571 319
9618 117
2943 298
389 18457
19641 311
5750 1055
4657 319
112 3660
6456 2013
1870 13925
17555 1753
264 588
458 9339
11328 772
1875 1755
16612 2455
827 748
1989 20605
20815 411
16643 112
2463 107
479 114
592 330
13225 6304
3909 270
347 325
8026 10502
17790 1595
1780 383
513 108
1051 687
4202 315
2683 345
1429 7139
601 11475
1387 617
744 4379
407 590
1291 10563
863 5182
12733 449
1008 4325
726 2074
13056 892
1237 421
8752 378
1368 17840
270 733
2117 1409
18693 493
7059 401
5730 884
107 645
594 437
3378 496
3939 1220
295 97
10530 1428
5718 115
426 2846
16731 20857
925 3640
103 707
280 12456
712 283
1906 2103
311 1381
3308 110
1057 1753
12600 488
2571 278
97 627
4086 812
1368 14157
1248 122
513 1855
2220 372
2784 489
942 569
2994 1796
14502 812
2700 411
270 2182
439 7786
8546 111
715 2813
292 122
697 5847
3198 5713
717 11924
1802 363
1414 107
288 304
642 435
106 324
2220 257
9174 629
7183 1167
111 1002
12349 11924
1201 1939
407 395
3365 496
1224 967
12957 325
960 20623
4250 10541
4083 1348
13856 893
2220 496
120 7304
775 8846
99 7766
980 570
2308 794
1350 101
1977 1335
717 105
18895 1393
298 11040
2988 394
1232 12985
373 4073
14690 725
2331 8580
11816 4532
2036 101
3609 14268
1817 17725
533 2307
400 103
674 109
104 324
1349 769
103 12988
888 486
106 394
734 839
1012 1202
677 283
7965 1084
1969 336
4094 581
5136 447
2814 453
954 350
318 521
14912 1627
13569 5965
458 2343
11290 2602
315 10669
2069 5006
2079 1605
1238 748
604 347
5697 1405
1033 450
378 366
2073 316
4372 299
513 444
1553 2266
561 789
562 18859
7210 350
342 283
3817 1506
11896 112
1751 358
417 3040
3840 1808
415 617
1807 849
259 1388
7743 787
2460 3005
256 311
561 12557
870 416
380 468
2493 3535
7514 1102
459 372
10952 107
6199 295
5348 801
504 521
374 621
772 1765
104 434
1350 372
1643 787
297 7786
627 444
17759 434
708 4637
976 521
881 992
802 1189
1147 782
1805 1792
844 99
2051 110
1780 861
2057 13108
493 105
11214 984
18144 321
1704 560
1281 302
394 350
6567 725
103 783
18891 318
9005 1335
3086 319
1751 5816
3120 283
3008 12311
315 740
3310 684
870 281
2476 982
4558 275
1513 13690
908 98
802 1531
759 109
6906 1796
265 121
7718 974
111 411
559 748
2646 2307
1006 645
1048 102
470 2218
11513 576
3730 119
1473 1328
621 1074
16275 13401
5101 97
464 3835
9793 18654
980 893
19078 366
2649 8832
467 363
337 3496
855 3750
7032 383
3499 307
366 5169
363 342
8184 318
4330 347
500 12998
604 1459
6331 275
10718 411
3439 708
1894 278
300 108
645 331
563 2616
5759 633
300 115
1086 861
943 103
5808 1183
411 1578
2553 494
103 4310
16815 321
561 99
10295 4758
20222 447
2585 264
1736 1082
1133 1719
111 336
298 336
13507 818
8300 7754
433 4646
277 260
281 17732
4745 411
19547 273
1079 5258
1562 306
1033 16435
6197 3843
1044 2385
2363 424
5815 428
258 1054
5593 4068
574 311
345 523
1429 2714
110 704
1238 1163
892 1495
15405 1457
299 1163
2654 6146
13462 285
16588 302
10021 446
603 1517
13709 306
2800 295
114 4729
262 263
350 4348
3424 5288
15597 2793
1117 2304
99 974
1641 1497
2646 927
861 1952
17878 787
19719 1477
859 1063
21018 2287
21126 118
711 20108
7500 967
641 2619
1084 1802
4526 263
1004 1785
106 789
465 111
908 259
1018 267
313 2687
1102 12173
264 4539
2724 1476
1268 304
4084 331
1051 474
277 4280
420 839
354 325
102 1360
733 808
728 1076
4370 983
1641 1345
2777 100
660 378
19987 1672
940 117
523 370
1274 360
4561 562
672 11763
4872 315
1141 328
122 271
3662 1792
103 21068
2585 1195
366 4073
523 291
350 483
4265 486
341 5166
279 493
3172 331
482 6559
1626 550
1899 328
869 6281
804 3136
2148 4161
1824 2875
708 447
342 2243
514 1009
8150 978
561 281
5615 277
261 676
5662 807
9912 1393
1689 15015
6712 893
3154 1699
10769 597
1180 450
533 466
615 257
708 505
111 1696
6111 1877
6157 2654
21141 3660
7180 382
1112 3025
2639 336
3915 521
883 2630
3840 328
320 2804
911 6266
1416 415
107 1038
2238 115
108 14127
808 3410
1701 295
14458 1191
1773 334
97 4166
19144 21106
1579 496
479 2288
8565 1555
277 104
5579 4322
6959 279
105 372
533 328
4415 773
4455 601
2413 279
1590 855
808 720
103 319
10384 285
1160 884
21235 5203
1112 5381
7700 784
3134 581
3045 101
115 715
654 7889
533 11209
1120 3171
3406 17449
4405 336
2184 1667
551 3006
660 111
7857 330
4869 322
845 2177
6055 114
1253 607
1805 1444
1161 647
1205 686
258 793
747 13542
768 5159
12562 1055
281 21156
4209 7926
892 2021
277 1618
433 3139
702 438
551 3023
118 362
3948 550
256 526
7826 100
2382 5713
772 100
2635 297
4640 516
3633 17949
16382 105
2564 339
321 574
119 1479
977 336
1500 336
517 1333
6608 1365
2794 686
373 116
4395 1039
13351 321
523 741
118 426
1674 411
2543 5739
265 640
16755 306
472 113
267 11606
6596 347
259 527
743 113
15854 111
531 14271
110 1658
18065 590
2051 3645
116 275
573 328
561 5389
673 6292
362 498
114 435
2427 944
668 492
5103 6435
8092 101
3262 285
366 117
2925 1328
2777 331
771 106
265 9086
5333 275
810 748
1924 100
110 2876
15123 468
326 311
12607 270
3216 321
343 339
945 20251
21181 708
2090 1611
1480 550
322 3969
21335 341
412 374
2682 106
1151 7076
2556 21142
948 297
1139 1248
574 3906
5605 640
1998 983
287 328
970 1866
362 350
485 1183
3989 112
3609 11250
109 2517
561 1427
1076 3831
8183 453
2508 855
2381 882
341 473
13788 491
275 6671
1584 336
7346 105
3273 104
2003 1404
6455 112
2687 1267
705 3112
1595 121
1115 372
2891 2644
459 983
366 6037
689 446
2144 97
102 577
4096 849
705 3146
8875 281
8084 8662
744 336
810 562
4691 1234
328 3188
2624 12049
630 451
1171 21385
298 1767
862 279
2616 336
4238 2890
298 2165
11248 97
315 1155
2783 551
261 1095
5795 680
3414 421
442 855
1836 855
569 281
1145 629
8480 282
7016 315
870 1103
455 1497
395 297
17410 2286
765 1745
708 1381
3672 1172
2656 4854
282 102
282 21051
9016 1658
112 367
389 1683
439 707
5136 2546
412 15566
12937 4593
18639 630
2845 486
2210 304
12054 1444
9574 275
263 18824
2730 722
579 263
2122 1745
18814 3946
345 21211
373 3457
3484 3771
14858 2233
731 101
1107 1889
1774 2261
1654 1595
387 2740
626 279
458 13026
6857 9725
9016 21190
1143 574
4104 383
520 1218
315 5043
556 97
809 10744
711 99
4225 271
556 104
476 111
118 15334
1190 10941
801 112
2670 1988
4595 406
307 576
4152 843
334 122
668 101
2692 2310
2006 101
448 974
1300 4027
122 6428
470 3188
1870 1119
2948 2195
1937 275
265 7020
811 331
13349 553
14051 1195
562 1337
271 14043
3329 5422
110 370
604 3386
6416 257
100 843
273 1755
16904 482
301 1048
6134 283
395 12067
474 21487
15797 263
381 118
301 1087
1977 100
363 771
3244 1415
2784 321
1585 100
4840 551
325 1355
402 7380
99 1458
2784 331
19681 277
116 1290
768 345
374 307
354 1770
504 2095
370 18330
1814 1796
5121 489
6015 2663
1142 496
117 2871
313 6404
3365 372
5093 97
645 1317
323 3497
3915 275
581 720
1457 1406
531 3439
2046 464
117 482
7919 97
686 3134
1290 282
21096 477
4789 1057
1555 361
13871 374
306 2458
2355 1328
300 3130
3880 807
342 99
3719 101
411 746
262 5237
1962 633
13796 372
18709 634
6303 328
9591 280
6045 112
1579 1768
2006 315
3649 333
5597 789
1535 574
1837 496
627 108
426 377
2466 4518
692 3437
5605 3084
13558 10067
848 849
1557 477
464 9086
347 111
3934 1797
431 3409
6710 849
1072 9682
4491 263
504 2021
10184 6607
5629 21568
407 485
433 807
1800 3773
9188 382
119 367
892 328
594 328
11214 1856
371 829
2814 331
573 1898
2984 111
1100 458
117 328
1340 4404
340 316
3856 330
845 318
3911 103
2554 1337
3320 15947
272 2539
117 315
370 1405
1177 10669
697 2006
1440 2693
374 1863
482 265
1799 363
13273 333
532 406
1306 1148
438 102
1012 4509
5849 1360
282 1269
4725 260
3305 289
10663 485
436 1922
298 7524
2800 3608
1084 407
2004 285
845 435
804 634
318 523
467 3337
2601 748
315 4677
289 2479
4676 284
7229 460
877 4647
1368 466
1077 7272
3183 773
264 980
741 4714
362 2288
10979 660
607 2345
314 869
1857 2375
5806 275
1107 1359
16769 115
265 429
2795 504
2243 20166
110 1429
1081 104
8910 19535
2244 12079
532 283
6052 617
360 1094
697 476
3885 694
281 1877
104 470
740 5983
797 367
757 101
2927 1592
370 1411
21090 1959
851 433
2971 4737
806 8771
1077 7378
8300 2640
19197 1658
6045 3095
1806 496
280 5646
1356 1370
2019 494
115 2984
16088 323
104 387
292 323
4330 21045
14991 295
2046 1386
2163 489
358 2475
7330 445
465 2567
1112 616
2909 419
17179 9067
6254 321
1803 594
4910 19887
516 2166
1221 2538
16107 382
5663 451
6151 1380
1656 5040
1392 2442
1185 1292
8814 257
1581 782
281 2104
99 554
4304 523
394 259
1779 278
20261 115
1231 15364
5291 101
3856 653
2744 19846
8462 504
1834 331
313 7665
1527 2793
4970 277
4411 1087
297 960
848 1250
14766 18417
3143 869
877 328
9377 19741
113 283
824 898
12734 18458
4712 760
15128 13581
358 1520
715 116
15776 11418
4341 12959
654 358
1192 1057
929 6891
12543 275
7018 630
400 281
9098 1386
711 686
4630 278
113 341
287 1595
343 12289
257 654
331 588
2984 315
2284 1855
1770 109
1779 407
2154 725
862 695
1599 5115
1225 2304
1817 378
18888 4129
294 444
1682 458
265 3906
973 16011
2255 13173
680 104
1184 4772
668 523
1221 1293
1221 1288
121 769
6022 1286
341 5421
1336 328
101 12612
1117 812
374 11288
1565 695
4422 328
4644 787
4156 6862
765 849
2689 722
465 6692
602 257
1357 4112
101 2040
277 368
299 1519
2996 1022
2831 97
561 120
970 2444
306 102
1732 372
19414 304
265 7735
111 318
984 283
3499 411
680 3369
673 455
315 5805
19351 2643
395 1195
2253 4194
366 6747
7459 695
13168 416
1402 967
1016 121
2572 331
1672 2939
765 1375
681 97
5737 406
4339 104
3486 4783
1033 1497
5227 893
3448 307
465 4032
456 2799
1691 361
810 372
504 794
5680 1346
10851 111
2523 1658
3269 374
3972 3219
947 285
1389 2514
16880 17448
1561 967
3463 551
1836 334
1307 97
1269 1100
2635 16919
810 1201
1120 621
8217 1185
2500 336
492 399
3744 308
1248 992
342 3369
17059 523
3725 494
4004 6266
8452 783
2772 488
6799 315
11344 1268
2200 270
272 115
387 721
1165 4365
825 4766
5974 5853
317 1171
21852 556
3517 360
14119 6166
932 1087
1174 4879
2241 383
107 2722
641 2592
1389 2030
21726 865
8276 1605
1221 4337
2398 1758
798 496
5086 967
445 1001
1128 2283
3816 3677
2272 97
1123 10099
523 325
971 267
3355 4850
3116 407
4959 4849
1100 12302
5626 361
1905 21725
16475 100
315 433
940 101
771 372
4606 112
954 3881
4661 898
435 9219
107 371
1107 383
672 5398
500 1866
317 270
315 1791
422 1097
2544 607
1072 3416
1031 3293
2802 282
270 21720
18546 893
1714 284
109 1038
1638 855
2398 336
281 263
412 103
8260 12048
297 651
2145 1087
115 14445
2896 3881
2512 1263
1155 565
12118 2890
3247 270
1079 748
2466 3100
1969 1226
4855 7173
2222 554
2530 372
16460 617
259 14638
509 438
9677 8881
281 328
1184 511
11310 330
1427 374
495 1988
617 782
802 551
9111 278
874 121
11592 317
8549 16600
456 406
1006 944
500 9830
116 708
1120 267
283 334
5930 550
400 3388
660 434
1128 5089
832 695
283 317
17799 516
960 500
419 115
17297 282
1428 16223
13183 629
1391 7467
796 421
444 307
306 1131
634 5862
10832 4294
708 345
2483 18045
5439 2715
571 1442
831 805
1221 283
4154 812
292 6476
3031 1250
6055 14964
444 481
932 20915
633 3011
320 489
548 122
2532 315
4386 2131
283 4183
638 12061
299 3788
11252 111
1779 970
9358 1402
720 1770
17115 292
536 315
292 561
16669 426
311 2502
660 5576
2296 1504
446 270
13044 10985
6817 317
384 4902
736 4351
320 1783
1126 279
4046 2518
12613 21757
2698 22001
7459 2986
1825 2349
806 1283
22005 11338
345 3416
592 1444
724 748
788 1719
996 266
511 466
259 726
17499 8765
814 2304
109 2054
10834 103
7720 435
2275 8324
2176 482
331 107
11738 421
1998 694
1178 855
3567 4396
486 2195
1078 321
18128 18501
310 322
560 531
1570 9406
1076 725
122 119
9279 630
1102 689
828 361
492 2230
10022 1840
11391 115
21789 2131
291 283
6023 1840
1513 267
1074 116
603 3114
607 1103
8564 2605
3046 262
3116 105
567 684
119 3775
1879 2458
108 974
2051 6395
1320 2030
372 112
929 812
2127 116
354 1322
372 99
668 407
262 3515
260 2095
9831 315
3154 486
3085 315
504 372
1717 114
262 886
13961 559
6727 3632
2203 336
315 1436
4351 893
6581 1028
407 2102
2111 781
4287 416
503 1679
806 121
1622 22080
448 1128
801 372
387 101
1265 496
7647 494
1016 2057
1950 847
757 9833
270 2010
1781 556
561 1511
5795 435
120 109
4411 328
3461 1355
5261 277
1427 120
3528 1458
2823 1517
402 2343
433 469
289 10867
577 358
954 1009
7426 1497
301 1376
1527 700
2435 2445
531 321
1789 15844
11028 109
627 18220
7305 1349
835 453
5096 553
2717 444
740 1271
700 115
8411 372
4056 448
429 1793
845 4986
579 448
7647 383
632 1404
265 2103
108 550
1418 582
19337 2703
2773 316
97 280
278 284
561 12161
2592 111
4272 433
523 828
403 660
612 1692
5086 270
7802 1864
2668 407
3405 1381
705 3318
911 1664
369 2399
2175 6344
1081 1697
9862 2728
3696 285
5700 7969
7935 382
2949 773
278 345
307 712
16468 7740
98 631
16311 9914
19814 1111
311 853
1141 794
2963 257
4182 270
384 270
278 394
1625 111
2846 1283
4502 295
2404 984
1736 259
470 500
902 112
1117 453
1143 2545
8406 1465
1782 453
1800 101
551 325
259 469
260 2335
100 1020
489 321
105 781
6015 324
12546 500
12021 1167
1967 5433
455 1063
14404 278
676 10565
315 10818
19126 12395
292 3530
984 3998
19486 18612
2006 118
3609 1034
278 497
21706 569
261 367
300 561
883 720
1466 109
598 12712
1738 336
11248 298
472 325
15812 3023
110 373
651 634
970 10965
15922 101
453 496
1302 110
1782 333
3195 270
631 106
118 1465
11744 1355
1575 496
1419 877
4402 1167
3518 278
301 1028
2266 1536
2567 111
2223 1160
590 18428
804 3795
932 1827
22230 7446
526 333
3315 445
526 433
419 2478
1881 22235
11329 1388
3537 107
7616 299
260 882
530 2104
271 930
1413 97
1331 6632
1511 3590
448 119
476 419
118 769
848 744
503 967
514 118
992 762
14666 9704
263 292
6349 107
2319 109
104 3968
14327 1009
2457 1242
104 617
289 855
2412 371
7158 270
9076 105
298 2520
9864 2741
5253 1087
5401 1160
3275 12270
11608 493
4697 787
6690 407
561 712
700 14053
18648 1912
7027 2705
7716 523
2892 378
11457 299
2035 855
4421 5810
301 358
281 5264
3214 2619
7755 708
1572 554
11028 447
9418 361
421 627
1837 280
1011 16234
338 307
892 270
7692 494
4506 280
476 350
103 630
15604 4515
4394 944
7637 307
2210 1760
534 516
495 498
1142 372
21712 1312
1929 317
1926 2131
467 11382
621 2218
1221 1264
1584 1512
699 115
1908 1808
1332 17348
3143 725
725 675
3039 1328
1018 771
1427 1623
281 684
727 1558
2084 282
3856 328
298 2683
700 1087
4331 677
110 112
17349 1151
793 748
12908 446
516 581
377 10979
861 855
7877 400
1481 110
1962 750
1000 257
758 382
861 2053
913 750
2245 101
1254 1964
1153 275
1034 691
813 118
289 1064
1578 317
3882 1063
2510 1571
1650 3220
1727 775
882 1379
317 746
1561 14236
504 1899
2432 13218
1391 101
6046 380
100 575
12036 257
1331 2480
672 14948
2290 630
925 855
1537 1093
109 21819
791 773
1581 22367
5368 551
797 260
13569 1632
1440 267
851 1062
2646 1359
705 418
687 1829
603 955
1010 282
5579 8940
2771 491
13144 22156
265 3202
612 11894
963 318
259 1317
1117 521
606 321
3955 321
320 784
786 121
1680 12986
6269 433
114 974
627 4317
1368 279
1095 321
20506 22396
422 699
277 1497
104 453
267 280
342 277
118 518
747 7026
1251 321
675 108
1077 281
309 285
115 279
1484 407
5604 783
4421 787
265 488
3281 885
1077 277
1146 285
4556 308
654 1808
2724 13122
314 15954
7051 1249
5098 21791
6352 361
6628 21732
1561 653
8051 278
804 704
468 589
2589 275
563 8982
1145 1751
11548 451
366 970
14549 318
20604 2479
448 265
11472 285
323 280
1486 3638
1751 270
607 1808
319 2261
1267 5073
102 264
280 6279
1160 101
3420 97
465 262
1023 1408
2909 6980
3080 476
740 6095
3807 3145
10690 974
5688 869
1629 407
394 282
1392 4011
107 10820
712 121
2502 8129
448 383
317 3770
641 14127
6218 6751
718 6599
411 1947
700 1817
5603 669
103 999
772 1689
448 342
846 107
797 1578
271 1123
580 288
1402 630
14721 297
5439 315
1108 341
1350 468
12083 267
1473 1517
2983 4124
1247 2995
20819 18582
2142 970
2520 927
4798 577
2402 423
3067 9140
1171 116
1637 445
1102 112
317 2869
111 412
337 6151
891 579
264 6699
1509 331
104 100
106 107
796 2606
4269 278
1770 115
1770 114
845 1380
258 1241
22508 849
9949 1785
574 1881
498 117
1480 336
17619 417
2435 278
111 465
3812 839
3326 1226
3003 1069
2099 1427
486 407
13105 830
310 1461
402 407
496 107
2827 354
954 1517
711 748
2883 773
977 849
881 633
2402 699
2222 849
268 10099
270 8297
342 3200
2295 577
3129 354
2068 279
353 789
280 677
311 446
322 3336
3335 1667
525 415
17430 10356
692 2631
300 110
11329 11597
337 6315
1829 262
13363 2869
434 748
1408 458
583 2623
5656 13512
469 1192
1336 257
651 3886
7431 588
4424 321
738 8675
508 521
574 374
5346 275
7352 271
1253 494
2949 6891
1184 536
3911 626
9719 1760
11154 278
2553 275
4358 12707
1150 328
363 2931
1046 653
988 1226
1016 1696
1766 550
1691 435
697 5166
1253 437
982 1022
16924 321
835 521
1367 328
1851 347
1976 521
337 1656
3755 554
1879 438
4150 383
318 970
2372 1292
1587 1202
109 262
1612 421
2060 105
2012 3825
8683 411
1097 302
851 119
1133 317
1201 1160
4577 4286
2483 13326
500 103
606 111
7459 491
264 496
511 708
4369 2847
827 1947
16080 1220
4104 1536
711 6168
490 297
19899 562
1030 1172
283 581
2176 2238
444 2741
523 1749
639 318
7028 299
583 10618
2170 7572
499 4150
862 3638
6799 292
800 983
113 526
1930 394
467 108
1174 17811
467 105
3794 374
8848 285
1051 458
345 2455
1820 1183
680 3303
687 400
4706 449
6529 367
411 118
1367 1673
315 1668
6398 284
14865 2813
1112 322
535 7842
4190 1715
528 2713
1367 439
1107 280
523 336
4506 1627
1132 12830
2971 3750
1732 3529
3948 277
948 5929
110 521
4223 970
563 1697
1319 1063
363 109
481 1646
2323 4734
315 417
412 1573
634 2729
100 113
1161 1087
1865 486
8970 112
514 5867
567 330
660 256
100 98
3689 1820
2646 812
1812 818
1572 277
306 4213
5413 282
800 812
280 4734
5204 2440
11803 2537
6583 1629
7518 331
16129 908
1425 1279
2120 521
16256 4561
101 6950
1812 783
1511 121
1481 2081
3435 699
2119 4153
1535 1365
16355 11575
6776 1233
2604 970
1405 447
2562 855
2263 108
647 694
17936 445
1330 3812
531 1336
281 341
3083 367
429 2933
801 5151
825 452
102 1522
105 282
3021 1333
1405 4106
103 449
1928 744
1835 3025
411 2754
11269 372
922 893
10013 893
1908 1090
4358 2847
8934 407
341 3795
2827 118
1400 3100
805 400
15995 2238
810 2229
22740 717
581 474
458 317
3628 275
3883 1226
2034 554
7994 275
523 4571
1491 3100
2323 270
1112 101
13531 328
558 744
1306 292
4683 1063
796 1165
1643 3351
2321 4148
563 323
2290 270
2664 521
315 119
532 2384
705 595
520 607
563 10834
511 328
22643 282
5245 444
6579 527
5621 449
9551 347
500 265
17451 99
1190 7800
561 9533
719 4694
1080 851
511 337
3403 546
100 1458
2897 275
648 1538
1165 394
627 10180
22785 564
103 281
827 119
7035 1497
273 855
8913 1105
1471 407
109 631
517 773
111 2008
2748 8764
264 1688
975 1401
3859 347
1095 2201
5535 2735
660 103
265 531
22803 506
765 361
607 1172
14408 10681
7542 453
481 289
2076 291
20111 112
13339 1840
6424 460
802 2343
109 1444
2919 256
500 354
617 1536
1434 849
4339 1076
2954 1348
1572 3336
1599 2514
2167 618
288 794
1493 1792
772 105
574 4027
3209 813
3732 629
4561 15031
266 3814
5580 274
11027 486
469 929
536 421
310 276
22837 2634
267 3676
4869 292
524 1748
15370 1697
2119 6778
14700 318
317 98
10118 411
14020 324
583 323
309 654
22849 942
1418 275
6079 1811
1865 1333
2020 438
472 119
11057 581
310 347
466 496
18341 4571
994 419
1764 1699
4927 4099
10412 6620
984 2521
3510 20663
411 6311
8112 494
2639 551
1591 4708
721 2609
5705 1030
2724 2456
1986 722
3085 7376
2006 787
112 626
298 1390
10278 629
1997 582
1584 12719
330 116
2669 639
17258 116
114 1199
1192 1960
1870 108
358 686
1481 1155
1727 451
16014 1698
21402 3218
371 1526
325 12843
318 115
10410 8129
2026 1233
3752 271
7052 516
1051 15588
483 318
1293 814
2225 317
556 433
1293 8935
116 374
315 3906
439 553
412 325
1909 98
3487 1721
482 1793
525 607
2212 267
936 279
654 1090
99 299
4520 1075
7954 893
5127 849
389 111
772 489
11280 97
306 665
11252 377
308 15674
8829 787
1265 500
546 7788
624 383
280 2681
901 292
412 433
415 7477
1349 21527
758 973
3709 445
1508 12549
1597 116
115 863
3273 99
3158 411
2275 3023
2374 1156
14757 3494
1947 98
5474 974
345 2941
2491 368
97 438
322 524
99 331
516 97
1190 4578
908 1481
446 531
1898 448
862 282
1262 614
531 325
17922 10507
514 3660
8081 983
421 3583
2695 331
805 112
8390 7600
5352 511
3448 552
22968 8728
7398 4513
870 2304
1301 101
350 12635
13877 337
3108 275
111 672
2794 4296
801 2827
328 261
101 1262
19737 765
273 2103
1478 3786
1144 980
2235 2623
337 22494
5527 1009
119 121
740 967
408 1730
6432 617
12141 319
374 3006
354 885
1211 2064
1293 707
3325 491
1961 787
420 370
740 1028
8483 5166
437 285
2758 3497
322 2103
328 367
2554 426
407 1365
11172 336
278 360
14927 292
3838 105
1904 421
2005 115
2737 8790
533 5744
531 712
1012 105
18735 1249
3681 17097
317 1021
3903 494
525 1202
1224 5203
21484 97
3128 17620
4285 473
101 569
1502 720
1041 2741
1514 1328
592 1075
5215 5257
482 98
8114 1949
11695 20598
9345 363
1322 407
2556 275
717 783
298 6095
395 403
1795 372
13902 1444
110 459
280 282
2561 18528
4534 521
1622 1428
6174 382
4006 97
403 374
781 99
5292 1379
318 494
97 1793
22780 2041
2456 256
3382 257
517 399
561 13885
810 942
261 363
4581 2514
17942 2890
1047 1742
539 100
2258 588
479 108
278 1866
5845 449
8899 1664
7979 97
1180 10669
1535 1011
1364 14192
1546 267
554 325
19807 22541
7598 105
583 2103
1727 582
3973 267
271 2531
273 1758
2737 121
23085 420
315 3604
2614 433
7113 282
7007 654
619 315
5230 677
676 22460
99 1444
8580 102
371 2485
1578 23096
114 118
114 122
2181 316
433 1317
4738 2625
1946 3290
556 12687
514 111
1171 1268
1911 6351
315 908
2389 6922
12248 691
1082 110
1021 326
2255 571
107 746
23114 99
108 262
299 279
99 3743
726 748
278 523
1552 8241
2339 681
20223 2233
811 496
6454 285
556 10978
4171 550
315 2167
2179 489
6264 331
2215 421
1002 275
350 1241
2029 278
5903 1267
5847 708
1131 101
744 108
103 664
13548 333
516 722
744 118
5215 20642
262 1231
426 325
117 439
301 328
640 279
17478 315
2655 3881
2983 7139
500 551
810 17639
621 2249
654 606
121 4686
2704 2021
20739 384
3268 444
1351 3011
281 531
323 717
2757 787
347 99
2404 115
758 278
1169 13762
13717 764
19267 23168
3000 521
481 2506
288 22986
784 1405
579 694
660 672
4821 560
972 6351
474 448
345 115
20630 10253
1430 765
1238 554
19945 689
288 373
5206 97
686 331
566 299
621 1901
272 561
1115 1978
7220 13292
259 118
110 122
4059 1555
827 6208
362 771
1016 1252
407 22900
2427 315
407 279
511 1578
11699 370
7880 877
4373 827
4954 2310
464 590
18668 576
106 470
793 562
3467 794
307 7539
6909 292
7323 13489
5527 496
1677 338
2724 19984
2877 3910
115 505
711 3853
107 801
311 1189
258 104
6057 319
2536 372
1102 345
5984 285
10102 630
6495 275
17665 275
10366 1830
974 712
387 933
456 882
310 5258
1393 1234
378 278
1773 4935
334 725
856 1947
1639 104
1816 970
264 965
5426 8367
4238 116
3372 287
2663 11509
11936 684
402 17196
9767 8437
3763 3766
445 267
1440 308
1174 345
448 412
22896 22947
8050 2353
3399 107
262 2601
104 315
2526 783
17597 6107
292 372
1030 2131
21262 280
10348 331
299 117
1069 654
407 2866
2012 980
496 4296
851 438
6437 15045
3310 927
1005 893
700 15122
1210 366
282 676
571 5044
536 698
472 14993
3080 278
6422 5713
503 1103
7195 3219
2142 855
2129 275
3142 331
381 17544
2487 298
1973 321
5534 1005
1644 1348
6461 299
1160 121
273 302
354 112
742 695
1614 582
12546 1291
6252 336
4977 358
1576 117
1459 562
330 839
1906 550
315 563
3152 5622
968 898
1100 17981
2988 7903
1018 8507
12363 3726
113 288
433 1173
1770 4216
11308 6540
267 10923
7105 278
3635 14570
2354 1263
793 18168
891 546
18520 3845
256 447
788 277
481 677
5292 382
2287 708
973 665
1126 2514
434 1119
2346 278
6885 514
11078 893
1854 1404
2416 14943
1637 3005
3927 1517
9830 407
19506 8673
16638 3472
456 11372
546 781
12365 787
6796 14969
1423 101
4421 4708
908 101
321 97
531 6166
1018 111
7155 588
1352 1664
15227 1465
18472 680
23355 110
5711 2869
6774 1229
467 306
711 1458
1374 561
13788 695
6743 325
1144 292
400 277
1283 3804
715 101
4415 1912
4152 3825
2607 1922
22345 1545
793 281
986 298
1464 2104
6780 500
747 11710
400 270
19554 758
9156 1238
492 122
18178 370
2036 302
1634 2263
3469 400
574 1885
15747 645
835 14917
3635 1359
496 116
353 882
1322 4864
4723 1699
2435 267
15102 2765
12105 687
117 576
733 554
1547 330
1337 787
4183 407
4072 8021
347 1155
1917 350
4541 15981
258 498
280 2517
620 464
4386 275
1486 4423
6964 8226
1337 826
276 2385
338 885
8236 1515
1817 3112
645 3219
7906 3295
2207 967
2223 336
98 325
2849 570
11523 3100
412 808
2827 11588
797 1516
892 2208
299 1475
551 1578
14171 394
881 1151
400 17236
118 2165
1363 570
2827 1961
801 2072
574 277
997 12560
3723 270
830 1011
1395 331
3264 3645
881 1094
2561 12082
15088 489
4555 806
492 508
2914 1279
20159 787
267 98
22373 446
2785 316
13438 521
15468 6166
1002 2507
525 1690
5824 2245
9259 6858
475 556
5319 1448
15884 257
5204 1885
2568 1172
2791 426
851 100
10271 275
932 757
455 5764
2607 10746
4255 617
322 111
298 4849
20548 630
3849 299
514 2163
3468 103
2448 2195
407 3250
639 311
1197 363
962 6761
970 18425
7636 279
103 107
9575 315
1434 550
517 521
23328 407
9004 331
429 3694
3117 1151
15946 19483
109 489
264 384
825 298
3467 331
2119 116
1514 2054
5815 267
825 318
117 860
537 550
112 2485
445 12270
2862 380
1255 1035
2019 812
23451 493
412 6894
105 2875
498 8891
1614 316
4836 1151
9002 317
805 687
1040 813
627 554
110 626
2363 374
798 287
693 3801
17678 2625
8661 260
6129 280
20542 677
634 2735
523 373
8030 974
1232 3073
962 1796
109 3845
15924 722
4552 582
620 2631
1171 2603
442 1248
13088 279
3566 970
14709 629
306 343
12227 275
911 1172
1743 282
419 1584
17535 3097
420 3134
1946 1034
265 1183
1399 1335
99 1545
8059 267
1306 3290
19184 16765
3195 967
1511 112
793 115
1327 97
21080 21781
434 23410
1027 23558
3812 20911
4677 339
1306 8779
456 339
112 1420
2617 1420
4159 382
2578 115
2003 281
110 2102
23569 118
315 12561
490 8985
1133 1922
288 694
7040 6890
12621 382
3258 328
498 366
456 374
675 556
481 1743
1358 304
2276 3904
6462 101
690 273
1173 2995
315 1656
604 1096
7079 278
7515 17333
21550 12735
116 717
110 2054
5669 614
2827 117
2954 4505
1723 411
870 14421
15026 1551
954 521
18491 762
5110 114
1565 1575
970 3423
10908 321
1114 4310
10413 319
20880 292
120 292
8350 380
869 2501
708 297
500 448
433 1623
378 2238
2762 855
1501 1018
1114 97
20504 116
7366 2304
8434 20632
10604 118
2112 114
2726 2693
5680 963
863 4533
1828 121
1459 121
1560 3671
265 9486
793 1934
19708 13559
298 576
433 3128
581 363
2234 446
8406 345
1477 116
328 111
3544 1555
1293 97
5013 511
3473 707
493 550
844 576
6814 275
3343 869
475 347
705 2442
804 2571
360 482
9629 1669
568 7268
408 444
3086 1009
1077 13181
2312 847
1084 1011
3038 521
1076 582
446 263
2250 980
9259 317
1766 4217
469 1011
2519 419
10546 838
17042 321
105 482
475 2920
256 632
6122 11665
531 11276
2578 9759
407 15721
20408 97
1145 3652
2474 444
740 1354
101 428
8970 319
7562 23487
3205 421
1917 6570
5597 339
99 2003
3591 1517
467 4323
929 1673
15339 97
1508 256
696 1076
607 453
1294 97
1997 1485
417 8291
9822 411
562 2386
12375 511
298 23371
12983 343
3809 6195
3414 6871
2225 433
2814 812
112 553
801 21476
991 379
14597 399
1494 1476
3262 8266
721 267
2740 2609
1216 17971
1535 3738
556 278
943 554
434 4949
1343 513
606 14348
827 1021
912 303
114 472
442 618
104 1010
5452 6450
1816 277
8183 328
270 285
1171 2953
23394 394
7992 445
17487 277
1851 1335
992 23734
9470 2754
4058 21396
433 282
1672 111
468 1869
1238 115
13442 11793
1102 707
381 14937
4358 1811
1997 1202
1568 974
1389 1592
273 2531
828 318
117 13047
400 618
261 1465
477 445
2051 2114
312 267
16918 3729
855 2054
3148 1333
114 370
1364 315
2568 97
258 1639
321 665
2225 333
21623 257
736 114
23314 3834
549 488
447 1605
2567 6825
3509 350
17690 708
18661 893
1428 318
14049 315
17183 3464
15944 1589
1654 9604
23779 111
4483 298
1817 1087
2541 1263
17036 1867
884 297
10445 812
948 14229
891 363
487 1028
326 367
470 1598
4411 418
5602 267
10287 496
1869 118
912 387
2456 5424
271 3076
111 556
574 5424
337 97
297 3369
6781 383
509 1570
3752 9503
531 267
21991 321
114 279
1807 315
2408 444
2242 19890
341 504
8921 275
459 3823
2794 379
531 382
97 1682
1350 20752
407 1021
17549 318
18218 1420
307 2208
3238 5744
1565 2711
13328 100
12493 746
4319 581
709 104
7032 10784
21884 1011
7829 97
741 287
2767 11057
4797 416
111 2559
474 98
10326 935
8081 1009
9561 22384
1628 330
5710 1234
268 4481
3662 1412
989 257
4560 525
925 23560
7366 2169
472 9631
299 523
337 1526
436 4027
5991 257
7239 445
7197 3813
115 772
115 830
350 771
747 1087
311 991
733 367
6927 13190
740 1002
630 511
5583 1151
882 277
468 407
374 105
1761 505
6703 488
288 105
4798 6620
3471 1167
22194 465
2408 315
1977 323
260 597
1539 550
119 112
2039 261
465 6528
2850 372
3351 102
97 270
908 942
23311 626
626 433
2408 277
3718 372
689 11045
3685 6037
970 277
19541 328
3567 358
711 10137
509 787
2554 331
12468 1863
383 421
5373 1991
23899 1062
3633 9127
802 118
328 382
16604 339
6104 3894
804 121
4819 493
280 363
4540 488
112 23653
9289 285
1535 810
5966 109
3414 694
15698 963
492 748
523 892
280 358
280 378
326 5876
370 378
101 514
341 115
5629 3124
487 285
1452 1246
574 1155
466 5224
1644 807
2758 748
445 1288
590 1337
579 334
551 282
1479 1277
977 4249
23936 389
2080 4751
475 1516
1023 366
863 654
110 481
97 3245
318 4106
2400 7713
10500 474
278 407
533 7600
8930 107
711 102
10366 868
378 2594
400 1203
617 370
448 23628
20089 1681
2795 2618
12896 279
11158 893
2382 279
381 4539
280 260
1670 579
1875 2103
2037 308
313 720
282 492
1908 418
7276 556
14927 7903
4798 1216
1169 847
7724 105
6928 550
20365 639
700 1404
6052 331
3449 382
3343 444
1908 1690
984 1173
297 280
821 456
676 114
2154 5636
1875 1730
496 595
3812 358
2463 116
2207 1890
15308 370
7985 270
362 1506
1565 1063
2648 986
1215 2273
121 314
10080 3827
18938 3134
283 1227
100 838
1224 2104
1502 19176
435 102
22285 22211
2404 5787
588 1090
118 982
1674 20986
6270 101
697 111
18513 9114
121 278
5791 278
1802 449
495 5214
979 4776
13485 665
19557 1138
562 668
278 720
2409 1192
389 773
20100 453
262 1115
5307 361
114 113
756 284
448 111
6662 279
4072 304
4891 3263
1254 2735
298 2463
1356 1028
902 3851
2278 331
282 311
297 502
18990 581
14743 22456
282 317
3686 1864
1765 1082
921 2603
16268 328
15406 6361
3507 277
23625 3768
2952 1087
263 306
2759 1667
6551 5568
108 302
1561 1898
2205 1380
1290 280
381 18519
9684 675
1233 15342
4644 374
3689 9644
1107 2307
616 11260
1448 3218
7899 1504
3959 2064
2885 112
12704 1420
6883 271
14935 1404
2398 6292
351 331
101 813
337 19582
113 101
108 336
2148 9402
1288 7895
7396 275
3915 350
2823 582
1542 812
288 287
115 102
10707 275
1416 577
305 275
1576 262
317 574
3595 270
2635 787
117 447
885 2213
4698 466
551 551
6440 331
11706 1524
8192 807
1175 3923
4370 316
604 3034
1002 496
20540 275
3384 14852
338 360
561 665
1486 105
7366 1103
2382 616
16473 787
258 13554
289 1226
929 318
278 24114
9172 2483
3361 1273
426 260
2020 801
261 1959
11775 15705
350 4058
1387 328
426 264
2345 1292
1216 371
8837 342
301 270
2939 311
1939 102
642 370
1987 108
1006 21987
7596 333
1006 10740
7458 554
3292 18980
426 291
263 411
2448 116
13421 4766
919 278
1314 2413
472 1548
2004 446
576 1317
1542 1517
2101 560
5222 464
1216 446
1672 531
1764 694
913 744
11125 358
1941 447
10230 1558
7466 1093
1514 1620
13778 893
2990 328
2275 982
266 2307
493 347
818 4766
515 2869
16737 3145
853 411
1034 708
3374 4408
1800 262
2175 982
14793 1138
111 111
1351 21299
877 1841
1650 492
888 1760
1585 341
116 1119
258 116
8800 1916
281 1851
1112 4623
4584 1745
409 444
307 336
3785 1234
2888 277
1417 2689
1595 588
4083 6404
1635 257
1033 4623
8998 4374
877 1792
1033 491
10164 360
112 4106
273 400
2735 97
5330 368
3121 7377
7387 16312
394 4514
362 1597
97 851
13447 406
387 983
2595 453
1197 111
256 380
673 1862
18029 341
20564 315
292 263
5064 1349
1163 120
5049 319
1041 323
4306 1195
2184 4296
104 457
4622 277
1976 316
5806 494
1293 3451
1865 582
554 3006
1221 6623
4462 20077
15664 4325
7514 10775
1222 1855
263 98
277 1267
12325 1267
374 20575
3374 451
7746 383
683 1257
277 1262
2766 8138
2782 315
23935 272
559 337
626 6405
2830 4317
704 625
984 2956
566 1784
1315 444
1654 1035
1074 2109
1824 8259
1413 2321
18021 1605
562 263
3154 521
9074 401
2448 267
5903 116
3308 1813
1535 261
269 336
14704 292
306 1952
533 847
433 6534
2844 278
11043 2568
587 446
1314 1517
2119 16892
23481 2305
1160 107
117 1216
17982 827
562 307
546 2133
435 8367
1847 21641
12102 20910
2455 107
4771 321
21524 1234
5552 566
10090 983
2101 805
3374 331
606 446
326 1155
2939 108
1783 105
808 107
1280 2458
2861 103
4067 337
4376 447
6333 263
6684 373
801 1743
1320 720
280 1912
282 1280
689 686
3021 275
400 350
2305 869
6972 105
2801 550
400 21254
842 4971
504 653
476 10603
569 2551
1119 23262
103 830
825 523
556 11966
342 9170
102 389
7091 111
7848 1442
19688 316
2248 1263
11079 494
400 292
7976 496
1011 574
1584 554
1351 1063
4366 800
1451 97
360 893
24279 363
1737 372
13250 1682
346 444
21608 1345
110 789
10408 315
1383 6577
1247 393
10858 1862
2067 2468
1002 1517
313 14750
720 368
1247 406
400 263
1102 108
329 9989
2013 581
325 298
2632 2660
16646 317
2776 267
533 1532
447 420
949 366
342 636
2234 1381
474 2208
3465 1063
2855 263
2036 259
2883 812
448 3134
1402 748
1173 1241
1692 97
295 6399
297 847
98 1249
632 116
1622 107
968 2483
450 438
4455 1705
433 2233
731 707
1542 421
932 261
3072 7237
932 256
282 805
264 108
1656 551
7625 328
14721 403
3407 10961
2250 341
1255 321
758 1291
2323 653
765 1524
325 373
105 113
806 645
516 24360
1112 3094
98 369
531 1057
459 117
10546 14478
3143 3535
675 288
1114 333
318 843
1615 1106
921 1333
561 105
724 101
8593 812
1879 265
306 109
1368 17237
633 5646
10508 7280
720 1867
7417 419
278 7952
5346 282
913 511
1201 270
445 103
894 1863
1502 2385
835 582
1701 1760
111 338
482 675
337 1575
1721 111
445 122
827 372
511 5030
2228 101
1906 849
10390 361
796 100
256 1558
9476 24442
101 3134
4968 372
2869 1172
703 5044
8567 315
1581 112
1019 839
434 521
9575 444
369 11930
273 101
593 345
574 450
309 97
16383 331
3074 358
19408 3032
21350 258
7127 403
891 13135
493 1650
262 317
119 1793
604 970
523 1548
579 1087
736 1160
114 4783
2275 105
3070 1864
973 281
1619 278
18681 4532
99 783
20231 1605
20443 1234
622 12888
18786 2041
783 12525
1107 421
2005 974
20319 4323
7398 20761
1012 1532
321 1519
531 3946
24489 24480
1946 569
292 1406
12937 787
2539 5166
810 411
1759 1163
358 105
747 19119
4289 521
604 1365
574 407
1144 5421
2236 379
1117 967
270 1291
472 664
471 306
8567 444
317 407
1190 1248
1314 1620
1555 1740
103 119
2624 472
13167 10433
354 270
994 1639
2665 267
908 360
12911 2846
429 7922
826 7615
1218 1035
1137 18872
523 407
6173 328
607 10703
18424 13134
315 370
5241 446
13063 885
311 4589
504 4992
1911 4481
2312 6457
818 500
1306 104
1839 3271
421 262
1469 333
366 1189
942 457
531 9733
260 1106
5467 699
977 550
1572 336
864 298
8689 336
2028 366
1410 760
14679 2375
5474 330
771 382
5935 2438
2687 7406
645 1578
12103 2693
523 13743
500 3494
1306 3023
100 119
267 1380
5350 321
354 407
2096 561
676 11001
1125 818
100 122
1576 4647
1016 322
2144 458
509 302
2493 1524
280 902
1672 2732
2321 317
266 421
759 411
1134 582
122 499
3732 967
1770 8281
4491 2431
757 4408
2217 486
2823 331
2698 120
4202 614
2461 1191
5415 1863
292 20737
2182 270
362 99
801 641
266 5233
5321 1420
1514 983
581 21504
2138 653
533 415
9800 556
310 13625
5671 2250
6290 6964
4723 521
7872 321
1346 725
6457 1090
1802 1195
387 350
551 1811
3590 2953
342 10566
514 6161
373 267
561 280
576 2715
494 328
3028 277
16551 267
442 444
2245 708
337 2569
16656 366
1579 339
1783 581
3590 347
19289 298
6173 1103
121 1244
14673 1658
1115 103
8202 684
1859 447
1329 1233
20843 1658
374 1027
766 105
469 122
438 704
298 717
17708 321
2006 581
942 318
1100 1841
4864 865
2530 295
808 1867
281 366
11341 279
2639 339
8076 333
15590 105
11678 7380
711 4971
407 2040
119 8372
826 122
320 372
5156 1202
807 350
11909 849
106 3267
12343 317
10249 782
516 361
1253 684
389 502
1143 1101
7362 629
533 270
1995 433
105 321
1006 7948
689 6114
11777 544
4629 445
8199 256
1574 336
2568 350
23025 2040
796 426
2611 451
9561 877
1170 570
771 2601
1165 447
708 334
805 295
1114 115
18743 554
98 106
2414 1234
526 787
337 486
103 4562
475 256
1216 1224
4322 264
13222 893
728 281
863 105
436 1421
2369 321
3100 1519
7966 416
101 466
1205 3102
563 267
576 98
103 295
503 3112
2474 322
500 275
1161 717
1190 3011
24679 812
525 2261
4331 1855
511 394
16998 711
1599 2343
4155 383
22866 772
24725 350
10700 270
2556 1578
18694 21980
1306 446
660 97
17710 4344
389 19487
115 566
382 849
906 1110
3435 279
697 717
2611 1796
1273 1812
569 104
9814 744
1329 24647
3245 505
115 536
6260 1592
2119 420
115 3322
5656 363
9090 336
1674 21353
6500 550
280 1373
2932 446
2122 336
1221 21647
697 746
400 3537
8717 494
996 273
105 748
17008 1579
1656 20572
1385 720
15468 576
1032 331
2120 331
8699 24335
23195 24768
469 949
105 762
1775 283
3827 279
374 1432
360 372
315 7952
1803 2630
291 447
22746 1420
19294 445
1809 418
6443 453
1743 8596
589 1374
4893 111
19926 298
15782 6857
17322 12491
3513 411
16983 99
574 2705
1114 1380
9677 1627
1599 1250
6889 325
101 262
9645 19237
1859 4542
122 116
523 711
297 14948
886 366
1579 521
1300 808
595 707
298 1373
5599 488
277 809
24808 639
848 339
8300 458
446 508
118 470
4449 1519
4307 336
1074 114
322 1038
1340 1110
6164 358
2794 457
855 4737
2553 812
19920 336
105 634
5930 855
977 444
2933 8226
4455 382
6462 488
1153 6082
498 9099
884 453
814 1106
7700 642
1441 304
1857 4148
2433 7925
262 2195
2893 121
1127 4110
6953 447
2818 3357
2072 433
2212 336
112 680
1441 295
1051 2177
476 936
1723 1269
2203 323
2457 115
116 368
1221 4438
279 4198
1041 3087
9017 121
511 118
103 3417
942 1605
2562 1250
3911 10869
465 563
1655 488
842 2218
742 22621
16272 105
6402 1183
531 315
3684 119
298 891
6579 328
3762 7847
317 1575
5150 101
1008 1028
2935 521
620 1173
6139 1830
22289 115
4331 444
280 12958
1158 350
1171 1972
8967 421
5136 16183
266 1448
1349 292
500 1206
278 1646
793 2491
429 450
448 6399
320 7365
630 380
15261 12517
1030 8822
2244 630
118 110
2615 812
499 1010
698 380
4711 260
4045 654
1770 793
3345 313
4184 336
418 304
3723 898
14501 1794
490 16413
561 1494
1320 315
504 494
912 496
1142 1333
2203 317
727 550
2670 4517
992 302
1581 5464
2390 299
556 4431
2421 3136
325 5030
1566 21443
411 4967
11558 1760
1777 893
590 99
3072 14043
1825 839
4827 2728
7470 773
373 1573
1143 14867
12206 372
6339 97
10806 372
2444 2300
3212 8461
747 3931
373 19993
496 2249
350 804
4597 1062
747 3886
2511 278
16465 2846
759 789
116 1598
5043 298
1704 496
11914 372
972 4686
829 2494
328 270
493 3684
2891 110
24747 318
1188 105
111 2434
1115 21127
1469 892
6694 316
15380 485
374 98
3152 1760
311 1754
2738 279
3553 2214
2382 9503
2203 433
18642 563
15499 2238
436 2384
487 469
2773 257
117 6620
1837 597
1725 1279
11921 812
881 3072
4536 421
2554 345
2703 1375
1132 720
583 3982
4421 464
929 617
21777 482
1204 1404
21812 1459
1351 1719
3086 2413
106 2165
2558 1585
1411 1110
1117 4234
5519 725
740 1048
6486 19108
12722 9333
740 765
431 393
1847 308
1299 378
523 25006
2003 1022
3729 521
5265 370
2767 18579
426 3399
8725 114
3308 3786
1144 839
435 498
597 988
116 106
3014 257
5274 102
565 6166
435 482
1171 576
3692 257
672 372
891 104
12119 298
473 884
4132 374
6192 695
3899 4058
282 2822
13683 275
514 3564
22593 321
1190 1570
492 676
2051 642
1852 11270
19882 2300
2002 299
455 7800
354 1545
17879 1458
810 3080
4202 444
2963 316
2897 3363
6167 107
556 121
545 407
13391 748
370 1268
426 118
8417 382
7286 109
4745 940
1847 407
4655 1226
791 101
4483 97
791 97
9898 278
9156 17648
1080 481
1112 1110
366 491
6432 1087
469 523
3806 394
3875 444
1220 1291
546 4101
3045 1226
17434 282
1480 855
14216 978
1312 514
105 828
15984 2286
965 607
349 411
2331 1021
1987 265
14624 117
24635 328
3683 331
13510 3121
494 955
472 323
401 444
7118 98
499 5020
100 800
11435 97
20839 791
399 16284
3972 8145
266 2274
2530 898
15460 593
1723 808
5127 3437
2215 4231
2145 270
381 102
8593 316
1934 551
13391 630
2096 3154
465 16416
8930 3464
103 1811
2599 496
813 14061
1142 1090
2642 316
476 496
1178 722
1229 744
1161 17601
7353 684
1319 374
5608 285
8615 382
5534 1172
295 117
8961 7022
1562 5272
562 4774
3540 336
13700 617
561 9866
4424 978
1385 336
737 411
514 114
410 806
466 914
9677 3895
797 8966
279 1016
450 8631
574 808
2823 521
537 315
325 6540
626 115
24758 336
114 1623
4531 521
8620 576
727 2445
5096 3670
1356 1090
2891 782
626 102
2432 1862
2831 7539
1002 281
2020 944
1218 504
13713 1018
342 117
1402 415
424 446
699 1475
1731 1731
2787 1151
4377 112
3809 118
8623 614
1838 855
12576 279
2428 521
6015 18751
15891 378
6528 25177
3173 550
19445 109
1413 14964
2544 270
105 2438
111 1021
480 279
12288 2686
22974 3188
835 1667
6756 336
315 2256
3313 486
429 1791
7087 2843
3083 744
2244 120
317 16571
281 617
6855 284
22347 504
692 3421
1084 5321
12041 12780
12548 383
267 1840
1367 4787
1141 1039
104 7850
2240 489
21238 978
2102 24334
474 1241
632 15233
8362 574
6129 898
8776 423
121 748
638 383
3031 267
23242 298
3876 1082
299 448
1698 299
13546 1307
106 259
21480 1669
7269 893
4661 6346
2034 277
333 720
6167 473
845 316
2758 350
607 2442
1276 2631
2647 119
433 22041
267 474
1729 1092
954 304
9517 16151
3574 570
809 432
7336 1682
2253 20862
263 18547
117 304
1670 423
265 280
16057 321
514 7495
5705 407
869 102
845 1667
267 433
1467 5718
1969 278
861 2103
1459 914
7458 744
21041 21462
354 24841
5789 1458
4615 116
342 2885
407 372
842 4709
813 105
4909 8427
115 491
3635 684
2473 315
1585 370
752 315
800 2972
4021 4708
471 882
24861 22836
520 4396
260 98
362 15573
5104 24748
13225 434
533 2345
3655 1573
9237 942
3469 16037
4954 560
2554 20090
111 97
467 6366
6279 277
1041 3802
6381 2715
757 1517
270 8163
258 112
6542 807
697 318
1100 378
810 99
307 328
399 4310
810 106
1140 323
585 496
2595 316
535 1682
286 331
1742 372
1721 982
1041 406
24444 104
25190 828
560 370
6531 801
1096 12466
634 270
1618 19724
511 927
5862 4519
1770 8724
7100 336
7592 350
2561 1901
2951 346
963 5160
6573 333
7713 574
6777 1477
1346 112
5220 448
19474 1396
444 872
3587 24340
4260 4260
456 1381
1389 1524
448 448
606 306
3819 1912
1092 6445
7480 1055
421 1390
2211 474
1358 3178
4607 1151
2067 2103
573 1119
517 1699
19932 7420
22214 1415
256 264
4168 317
486 2890
118 9008
1773 872
2829 370
2825 744
114 935
7853 978
102 302
104 421
1222 467
310 1055
1378 278
788 323
664 1742
322 3290
1008 4776
1674 2470
2318 315
105 1380
10090 1009
556 1189
299 2681
1416 812
115 2898
109 106
1399 488
530 4011
381 5842
318 4647
919 108
445 1840
748 531
3310 3100
4868 521
465 298
2518 3403
1599 550
13987 17319
4269 361
5030 120
523 1387
299 22702
3313 1370
6894 447
23650 562
1520 111
23372 4775
1193 298
411 283
292 449
117 1205
1888 278
287 14574
1615 3766
4556 407
10118 893
99 622
14717 712
412 708
394 323
3452 382
10832 1038
280 1794
2542 1743
516 1947
7308 283
113 366
2804 285
11635 115
2435 428
3334 1978
577 626
400 297
1710 3092
7928 4124
12393 1885
1654 328
398 1558
500 3264
986 292
18291 982
1102 97
715 111
1104 121
1171 97
708 19990
294 411
802 2889
2652 17864
2544 2104
7598 554
4750 6890
5905 893
1102 111
708 1775
786 323
14142 111
11850 614
2037 1862
12480 893
280 766
968 3831
1084 101
703 725
2001 11920
19145 606
482 562
1529 285
1832 275
736 1511
1650 108
604 121
1538 416
24018 2890
797 111
2827 360
2127 725
13009 1598
1478 1664
3657 263
3249 316
4051 849
307 22998
1711 315
1425 6245
448 17829
25388 1241
1622 115
528 273
1499 13810
790 1719
433 1959
2669 331
16855 263
3426 267
12296 278
1766 1375
2173 116
1002 1328
433 1961
2386 25493
4417 6595
264 104
826 748
1659 407
4386 257
2003 2261
1018 20442
5737 283
7725 3776
259 1024
4775 1440
940 4217
4812 105
4118 1611
4503 1244
963 100
363 270
795 15799
260 271
277 378
115 1183
1163 306
12268 1532
835 664
298 399
265 3980
277 370
1499 562
495 115
14690 1551
11773 445
4100 5314
2437 491
1482 3159
2248 299
932 447
260 306
386 1667
1548 844
277 283
984 278
885 256
3301 115
2181 787
2814 1328
556 5338
1236 1328
261 7473
2250 1912
5597 1885
1527 1103
11249 551
546 766
21490 450
3448 263
720 433
1081 3660
1237 794
363 2930
1321 267
325 2810
260 377
1623 99
3053 8591
100 450
954 1310
492 9918
2157 720
2601 978
5358 622
954 15537
16705 318
1030 1069
775 331
530 257
859 5382
616 1094
455 2524
400 7014
2936 112
2493 527
2661 106
3128 17139
1545 12122
1463 116
18920 793
1349 16408
1576 814
632 1022
579 1028
298 307
325 4410
3060 328
18419 112
17735 281
908 444
932 1106
9719 416
3021 1699
2862 277
672 629
500 117
11047 893
804 2389
2372 1519
4233 97
1869 642
863 502
1355 97
115 17306
10840 893
1160 1167
6556 1290
277 396
1044 1730
1865 331
2963 521
279 318
1262 97
1875 1431
446 111
421 380
299 1144
1336 1090
1493 1172
1836 336
4264 2445
3401 1475
2838 328
490 4734
839 3442
3585 1348
963 6114
354 282
433 6208
19469 116
377 2096
1030 330
6507 328
14803 336
2562 1592
110 2457
12722 1682
2800 486
2870 1730
5253 1667
2037 1558
842 1901
5103 1144
764 104
8481 331
2652 464
639 452
23953 383
318 2442
1082 16272
2838 24179
1602 645
2954 20297
2615 11611
997 2828
511 684
1163 6208
1542 4099
2700 849
3997 2476
4608 2440
4002 5283
1522 279
1664 25439
7187 307
109 421
103 9014
22390 7973
935 2068
1051 447
17923 2847
1030 1978
844 292
2757 3219
1367 5843
842 415
1572 367
504 1328
363 107
2398 277
1783 25505
569 810
3465 491
23310 1409
942 3219
953 1328
632 10186
18462 2705
810 1100
4298 336
110 563
1916 104
861 1758
256 9331
456 283
7733 451
15339 270
23634 3951
13859 893
802 8092
1080 2187
801 1483
1386 258
963 5807
1281 1558
2652 333
970 789
122 488
6219 489
108 1189
102 1286
4227 3427
466 102
23016 117
313 4481
402 685
793 101
4636 275
6300 521
771 280
1350 748
25536 6340
8025 1585
728 22625
634 20316
362 98
3014 1517
3991 383
1615 4011
3183 285
561 315
7309 97
399 2509
1351 6508
13564 1106
3166 295
279 16313
11458 331
324 117
728 482
2146 345
328 1011
2946 18828
6453 278
2611 380
1962 308
4261 407
20759 562
9955 748
1365 111
508 773
16220 99
1908 6844
825 449
4243 1142
1210 787
6445 25756
2276 2726
5826 725
407 1959
4399 105
916 331
906 336
593 5386
1738 10401
1146 877
458 336
9253 293
3637 6266
3595 2442
2083 277
5926 281
796 281
1112 3011
1081 1429
1851 101
16614 4115
319 374
8841 275
1082 4711
12328 411
1236 1202
3575 372
911 684
6971 3171
2067 1785
826 117
117 16696
3575 380
7300 308
14223 893
4583 3378
15574 1055
100 4295
3203 2887
5413 446
23556 1428
2994 521
561 2601
2639 1250
504 1517
954 15804
561 1195
3152 521
1180 265
828 108
828 110
1552 315
1786 331
2057 17122
1276 550
17065 1038
402 5122
1416 370
3807 898
10443 3823
2988 1623
16458 13531
2219 445
590 325
277 102
1324 445
728 370
22603 556
1104 1234
272 2710
1853 7022
790 1922
536 8260
1101 345
112 25830
6472 927
9027 328
962 2603
772 2986
6416 773
970 3363
3684 264
1646 311
1499 3795
9297 3218
1142 2345
2639 488
270 1597
1490 358
2712 416
574 1381
16976 370
8705 331
5013 7038
8406 363
533 350
517 877
757 1699
883 116
6213 5600
2005 626
2744 107
576 105
1579 4727
322 260
904 2021
1486 5424
116 3097
11688 4532
350 606
1015 315
1499 449
16525 1222
536 279
11606 1021
439 974
3326 1758
546 482
2421 101
14163 6311
728 7500
8217 21249
5209 483
4218 1863
2081 278
378 1597
119 4650
1596 295
17386 10356
1703 279
120 447
3273 2692
5024 494
996 336
688 116
660 98
278 2715
13054 1106
265 16617
98 1545
14922 256
368 115
265 514
2004 1263
2482 563
2511 554
368 111
1465 279
22047 16754
278 111
4211 748
16432 1551
511 447
844 514
929 980
531 111
1080 4633
2473 551
5126 445
468 3439
3800 275
11927 14181
21960 1355
1351 633
930 1348
5224 1349
291 389
399 4826
343 674
670 550
328 3958
563 1992
3021 1202
1465 350
16798 7591
8390 2442
1002 794
2635 283
3590 97
6300 331
2589 521
12011 278
102 4849
2434 489
119 1501
108 849
324 270
10138 492
25944 1312
827 4106
281 104
288 801
15395 308
112 560
18644 1038
726 1030
8315 367
5423 25737
468 1792
1865 1328
1232 12098
1909 4194
14480 446
1513 275
318 1479
6844 6410
400 1934
704 282
3198 282
25689 3853
811 1333
476 1009
12048 1195
677 1192
6645 97
1222 687
25972 12260
616 116
8147 806
433 277
1959 4577
526 630
929 2261
1857 368
2544 1412
6159 421
677 12834
522 1745
6233 1262
270 25985
315 1481
3056 582
2317 1167
482 2601
318 1458
288 954
433 8432
5730 2519
25994 115
975 905
291 311
576 824
1790 442
979 117
298 15573
344 588
1046 9995
362 267
2966 849
4056 279
912 372
2868 849
5999 111
18498 21198
468 1927
606 26011
1809 121
1276 277
904 582
465 579
1146 22180
2067 1862
5104 105
3509 363
112 4032
465 565
1364 277
700 13532
1584 282
901 267
3623 333
468 303
26028 1200
1251 725
2034 974
2554 8085
2318 1226
97 1578
2222 1726
281 1354
341 444
4658 116
768 121
5477 494
400 544
389 97
808 8181
280 8080
4591 407
318 14032
4056 339
621 282
775 5272
5156 117
4071 1009
1303 382
1836 985
486 1114
9649 258
2699 748
3060 1669
506 4157
1076 275
399 588
3216 295
2203 282
2474 550
790 5381
12827 3421
5974 295
2450 1719
120 111
407 25839
3327 298
2468 101
802 1592
525 650
407 1427
1039 818
5423 1916
7802 570
1315 2276
12278 279
1145 1103
297 1683
3578 372
6581 420
4521 336
320 5871
1836 807
468 498
120 118
546 106
912 4647
518 1683
1780 1263
1763 331
281 4079
1457 709
7018 341
13302 486
3522 291
5209 13418
8644 13967
546 113
464 3270
23587 3164
5527 847
2661 6349
3563 1172
3403 281
728 1767
5093 257
1680 550
280 504
533 3400
22721 614
908 872
740 914
1416 3654
281 4181
350 3631
263 570
535 1241
3334 740
2210 380
1425 869
1736 423
25794 102
1616 511
1553 3936
1490 617
17893 299
2295 275
744 277
350 791
882 2581
16681 278
1937 3073
1750 315
6044 11241
503 2266
104 25631
2851 967
881 1916
12858 563
7692 16350
3192 115
4003 3611
731 2893
3866 1234
700 18563
1069 112
310 574
2598 1348
835 281
5576 449
835 285
11432 382
772 11696
2223 551
3734 855
1750 336
4348 492
3330 350
3517 773
268 1532
1727 3100
689 280
5300 3124
935 285
641 2127
1566 3077
16901 328
1708 358
362 1095
8534 694
433 105
9031 2494
433 98
109 1545
459 22104
1565 8245
8144 347
420 2567
6909 1406
2386 645
3947 336
25676 22656
10802 449
1046 280
12572 321
6363 406
292 4120
1765 374
551 270
1645 444
2296 1226
1851 1140
11533 1183
116 98
3847 1421
3401 13881
8116 421
98 577
116 119
12731 491
1494 851
2296 445
6212 4431
118 1355
4441 869
4977 967
1513 4529
565 1192
4597 382
476 117
711 105
2162 17358
10428 2693
384 25951
6859 383
374 2875
118 1360
2482 1658
280 317
20428 285
10132 2569
14793 1373
569 1095
1650 26226
972 1110
8006 13525
5279 849
783 7926
781 118
8273 350
787 282
763 4734
17731 3114
4119 380
16828 99
436 1791
801 103
25528 1306
953 97
6125 257
1816 714
4318 295
415 2475
2669 4849
4701 985
3116 25401
2764 112
3812 281
1254 5245
2682 2413
2020 576
374 2920
7495 18923
280 4322
107 516
5748 321
277 2335
4687 323
17885 494
13652 893
1040 1721
3478 10762
4266 331
18393 411
1092 412
4644 445
765 5941
2073 114
25607 14993
2447 19959
1293 10494
1158 4451
13179 1328
2053 17627
3079 446
1332 467
3238 553
1253 1103
6137 4887
4836 423
1723 829
6325 295
977 4098
13085 367
1899 1037
1986 1276
6971 2251
863 559
516 1216
3479 421
556 1500
317 2384
669 116
7839 1483
5124 115
2863 496
669 112
1008 2581
100 2289
26302 3159
894 267
1670 1151
4087 275
23477 440
5111 1811
1806 1620
495 2243
1441 1699
260 787
11072 17521
264 2470
1854 457
112 4395
26316 418
2448 1381
1290 322
12584 1485
114 106
6178 654
1142 1202
4156 554
741 2842
4242 331
1035 370
533 694
476 469
366 3457
1908 6118
3451 1263
1826 553
448 97
412 1380
3175 12962
598 3265
1021 347
9635 1310
291 1381
3507 270
277 5568
112 3829
768 323
7952 108
1579 12344
11400 486
3175 1485
796 2286
8493 105
4485 11514
319 1767
289 828
1002 372
708 1238
384 3290
606 523
3388 559
566 496
1664 103
1057 975
121 437
3968 110
5865 267
676 1306
2867 331
12520 1705
14059 1658
5903 492
5898 1504
1563 748
4046 102
1290 281
530 2169
1248 114
503 8530
1311 451
5000 582
263 277
940 905
1950 1792
3452 107
495 1096
1643 23458
9440 275
1386 1055
7527 12466
22476 457
1943 330
6883 279
1291 13829
6821 1151
12726 112
8238 339
301 372
5587 2524
299 361
7211 551
2635 773
2287 1870
18087 97
758 481
2834 553
7111 275
21750 805
25970 26036
494 1172
2284 855
638 323
272 633
1207 855
18550 433
393 1404
14021 257
1411 22958
828 801
3733 590
3379 3270
476 298
411 25507
487 97
9516 1458
16385 109
1173 7842
366 523
4649 1348
3423 278
1764 588
345 100
301 9612
25897 304
3282 5646
15046 839
705 13377
476 277
5560 267
3473 26260
1773 550
1946 1721
5990 105
604 25540
350 2805
2782 722
3782 511
1773 554
6740 1370
1170 3979
1010 444
10291 282
266 14505
8964 99
110 114
1350 97
1852 494
1255 1551
802 339
1221 1201
280 1585
2647 4295
3918 9845
3340 100
299 492
861 2064
3911 114
515 1551
311 1277
3393 444
111 1423
728 595
3133 2384
954 316
1777 4106
6612 366
2578 1420
10891 7624
929 328
1550 277
2567 2876
1783 13137
1992 315
642 307
1962 1063
26016 842
4215 257
1274 1922
2184 457
265 25434
20858 1876
3705 1055
862 1922
793 574
267 447
751 407
3238 1359
531 1021
2578 1504
5049 3910
499 367
604 262
801 10334
330 675
2651 321
349 22858
116 2548
482 298
281 4702
1330 265
1654 521
316 5568
2323 967
1367 2249
8023 1195
1418 983
433 23688
728 514
267 368
435 1454
6534 394
11469 26278
10202 336
10253 4641
1751 1783
8184 3351
579 967
1302 281
1302 280
7018 2144
411 3134
435 2653
1090 654
495 279
20338 2601
12529 781
110 1455
2943 108
317 1421
389 553
104 279
6693 278
680 1246
1074 26101
771 15726
26098 2711
5670 15435
277 1531
562 399
1163 103
21412 6119
14187 282
3280 720
264 1517
17137 16352
984 116
6066 15734
1117 3400
1448 1598
278 827
724 321
1096 117
256 345
1807 855
2355 2307
114 992
370 2208
17132 473
448 11020
14314 389
1680 438
533 800
689 3660
2372 1093
23476 101
108 112
1251 4234
2219 855
2567 1192
465 350
762 944
26196 1420
299 106
1499 843
2909 3327
2767 283
19153 787
18280 20303
709 1672
831 468
2243 111
2461 604
3204 1241
6355 1009
318 2286
1593 1891
2272 360
664 967
4053 279
23686 19574
2622 1226
3641 511
6785 694
2834 4860
111 7850
3965 5622
7726 2660
8775 389
3080 306
6579 1081
273 2612
13679 2233
459 7365
3752 1110
4979 4570
736 2201
477 614
4805 278
117 1264
511 1517
1340 5805
23026 6018
1224 1899
654 508
8651 389
831 278
10656 416
2455 115
1875 336
4918 597
6461 285
6126 285
3050 5073
14838 694
4248 2305
3355 872
433 1163
24673 1922
12378 389
102 367
4829 2180
1350 299
15541 1195
282 1312
523 1390
2818 5547
562 342
6252 308
1926 582
3471 4509
457 105
801 1759
877 370
6161 363
717 3114
882 2233
12318 551
23862 321
808 116
311 8173
6686 372
2207 3632
389 2517
2244 24858
2748 421
1168 6114
516 1959
278 5151
3812 991
627 488
297 1465
1652 341
1024 24806
4125 3078
802 1250
2655 1009
5712 707
1141 1370
7530 2204
2925 582
1355 270
935 1146
433 562
402 6920
10198 4902
901 2413
402 6912
733 1988
482 639
4458 271
303 101
549 1189
469 1084
1163 435
6076 5044
1160 17144
13381 358
4282 4085
278 3613
1571 21082
1104 116
1344 288
3570 5981
1440 2972
119 2057
747 299
103 8941
325 288
467 277
3129 406
680 11281
2346 382
398 477
420 561
5737 323
4352 4408
4560 358
17529 1705
112 8372
4087 893
692 315
450 444
877 452
1560 336
634 104
2348 336
2200 1202
390 3464
680 97
426 687
3426 278
2927 336
378 4490
4859 275
2422 812
8720 2305
17884 383
2832 9819
2248 7882
264 100
15369 363
110 847
686 98
5207 281
5330 1497
1976 684
970 556
1442 3095
728 3768
929 10603
277 347
8710 121
4460 321
8583 1555
112 5893
112 1700
1081 277
665 316
1158 521
3126 263
15700 1669
626 1740
97 1170
797 1475
724 111
7108 110
9126 330
373 1503
2210 630
514 2243
711 2218
262 438
2636 970
13701 3645
19797 1096
1484 7108
111 308
733 7704
13197 1343
282 2057
3308 1664
260 302
9946 117
283 7382
8933 687
2806 270
110 928
4306 281
342 748
1236 1333
1300 3025
328 1069
4178 855
743 11534
289 1758
1640 336
370 14134
1527 1076
116 892
276 944
24419 824
109 339
827 377
559 26777
2223 277
22800 1220
2223 278
5214 100
641 469
3864 341
436 1063
527 338
298 382
316 594
262 347
775 370
277 476
263 1793
8781 270
342 4970
381 562
1418 1517
942 121
281 1679
5644 111
324 1611
318 16211
18625 3206
914 25073
306 3652
4300 279
273 10867
358 6820
14866 24845
7582 20259
3003 350
468 6559
2253 98
760 331
2877 725
607 3400
719 1090
119 738
1619 283
407 26841
2682 1093
562 117
26844 10452
1835 5169
4677 121
710 2124
1197 345
5184 2986
1857 986
1877 275
5680 1331
1697 267
1114 407
654 97
975 9627
490 5182
3794 317
826 12763
972 3265
319 629
11896 725
870 4542
1007 486
444 103
1691 336
752 1730
2825 336
17137 24852
1691 300
1174 21578
3783 97
13315 457
23220 590
1367 285
5867 831
263 24577
319 8967
2476 1629
908 368
258 581
6055 13500
7848 1057
942 4365
2572 451
4670 4687
4978 1909
621 847
20471 2890
720 116
1627 10976
1809 556
4125 4203
705 2186
26699 419
110 694
1306 1689
1004 1730
863 439
951 122
105 1563
604 5074
24102 370
16212 278
5491 331
437 588
381 4829
527 1028
109 411
1107 448
258 531
5238 1532
470 1172
492 338
354 298
15719 308
282 1632
445 1018
3465 406
457 812
3056 486
1171 280
3045 444
3209 554
16349 16138
6038 21470
447 100
1356 275
2772 315
107 293
825 283
25032 1994
1077 6180
14519 100
5435 7969
3413 4509
3063 722
2312 11203
523 328
4836 1110
22013 321
2398 488
12448 259
110 634
3700 722
110 516
3295 112
99 1623
6020 2273
21651 3624
929 1890
2729 453
20876 21395
99 949
270 1428
773 383
2028 394
2607 105
429 1381
3784 1373
2434 112
2373 1444
299 10759
2148 1791
283 22669
6137 26966
699 699
449 2000
412 1597
16969 97
6483 115
2984 561
12708 345
3303 283
2083 4490
5489 1855
1002 26750
371 500
8006 3660
122 262
2823 350
1114 4468
3195 1028
3513 14360
17596 725
3014 1202
20322 338
853 1380
5359 4774
3083 339
1051 16277
1509 13163
504 1404
412 97
9655 556
1276 1431
877 2606
1400 10347
2817 514
5917 275
3489 317
17396 105
1352 9328
2398 382
100 22771
9765 687
358 493
349 554
2138 654
270 110
2225 105
7633 3099
975 14622
3489 279
324 116
3335 4234
708 419
315 1580
281 337
1542 97
270 4514
4428 278
5573 521
1337 9008
20103 1863
2865 2021
1723 466
261 689
2531 2458
15888 311
19773 20411
1399 1381
1016 318
4306 99
4249 812
740 121
1851 116
306 449
516 345
315 1658
2568 257
842 24374
2013 22631
4812 4709
912 7003
15077 1174
1077 825
4660 105
1084 3159
19457 2592
2568 275
1976 812
5085 336
15754 370
1096 6609
881 3011
4485 2247
6324 315
5478 1328
2390 111
3763 653
433 2984
1440 633
827 3439
994 111
99 12824
2551 898
1352 504
1142 582
103 389
7708 350
2110 1745
1383 1851
1133 760
119 1080
7300 4243
9087 563
398 541
301 9155
3491 281
1174 7361
3552 372
259 928
2834 502
4874 5424
399 1009
472 825
4266 9142
1280 433
4198 1081
5480 1796
115 645
6509 1881
1163 16472
862 3920
2217 3091
8238 554
435 590
5186 826
916 496
277 117
315 122
408 488
1875 855
434 1018
535 361
13668 4112
19768 18753
6817 323
1368 630
103 322
504 2804
1040 582
6923 446
3391 1500
322 282
1593 1370
1739 654
1711 9370
3234 985
616 3535
21945 1458
705 629
12253 372
727 302
25350 1144
3405 333
576 106
2423 8738
1836 554
2767 1719
456 1758
1539 336
634 16670
576 99
492 1227
25353 1848
641 2930
500 273
299 963
27141 366
377 416
794 256
1778 630
648 13500
1622 2526
15677 9458
27148 748
925 5415
25236 2384
22448 23349
960 373
1418 494
15367 4219
2397 2458
10565 3023
2386 277
1051 1622
398 5115
9125 955
8134 2972
1676 465
740 3823
8534 275
19777 331
1841 687
940 367
435 748
12231 298
3295 321
1539 277
100 1522
3384 2783
1765 12493
16375 707
4738 492
17276 784
851 851
1484 1226
11982 2683
2624 101
395 27182
1870 27183
3540 1250
448 708
790 6470
2432 302
8624 3091
444 3802
6814 421
1418 1699
11078 383
493 11270
10652 107
559 16858
1231 105
5111 15756
2615 684
677 1110
4022 358
632 725
295 1520
811 21264
466 445
18620 793
13800 1428
16074 256
727 3939
270 378
1322 116
421 113
5333 421
331 100
728 4194
5213 350
2388 1912
533 3100
2234 1916
809 789
4990 7014
3654 617
523 3399
360 336
2625 102
980 116
4417 282
2438 115
1204 2186
2792 372
1995 3942
814 16142
891 27232
465 728
4143 116
337 27235
18862 411
1718 445
1030 1784
14059 563
1820 100
7755 26801
3958 363
472 122
2512 113
2817 278
800 1087
5411 295
12419 433
264 2181
607 686
341 263
1650 7594
1634 406
742 21461
433 298
422 121
811 1328
100 2509
1170 4614
3807 2304
5989 535
2703 550
342 1039
1320 393
292 717
719 839
270 496
908 5070
1139 750
2817 321
5635 6671
270 3136
20133 706
2142 3336
2520 12082
2093 496
108 980
99 495
525 2345
9661 17718
7470 974
9583 318
101 4811
412 267
7314 378
326 317
14873 15836
5869 11727
493 1448
2214 393
3752 279
881 7076
1847 1055
3310 1172
1018 25025
1598 500
1580 24730
1265 7873
901 1952
511 103
767 282
1169 588
1265 439
2568 101
891 341
8837 771
399 14075
1572 1592
1999 371
298 793
1161 2169
5401 579
18383 15649
4071 812
1553 22681
1937 521
4969 4078
4067 590
1264 5556
99 293
562 6208
13940 275
103 1683
4028 27324
1229 111
18078 298
21087 576
1107 6114
733 4423
4333 654
806 99
23691 686
341 446
2852 292
1869 99
3700 1345
2042 372
3184 582
2877 1551
3414 275
20740 17951
3221 15872
740 794
102 630
621 275
15782 449
5338 793
27348 1002
358 20229
27013 372
24515 22054
2203 279
668 374
3775 27354
5432 331
826 317
354 1423
114 299
343 267
3452 16649
6395 105
3152 321
116 421
298 2095
16674 109
7448 4956
940 1250
1891 257
683 12970
24353 2625
26796 3445
802 1730
2028 787
435 282
458 581
3998 827
444 27377
27378 1476
1302 2581
503 7310
23630 12404
932 1554
14660 279
381 7052
2144 101
318 2889
604 2206
1173 3124
7743 3265
341 2581
116 1791
120 117
301 1283
16322 5070
289 108
2167 1498
17468 523
12475 1743
267 2065
18976 110
6022 3409
503 1751
263 614
11143 554
549 367
309 16893
1319 3408
435 3121
8961 763
1291 105
3196 336
1030 812
6291 1841
350 810
103 10930
27416 1545
569 328
5905 117
270 1898
20603 869
395 378
4763 274
697 824
5799 411
23044 279
689 379
1433 302
7921 2458
1827 6018
2333 714
15489 2875
1786 1333
15288 115
982 380
7200 14099
257 330
472 2585
3438 394
263 544
337 1299
27441 298
7970 382
1351 1791
421 829
7227 18558
6076 2618
1142 5173
338 103
3238 927
4536 331
1340 872
3998 14011
318 8697
3113 411
3618 787
4572 411
297 13642
7160 4479
280 27459
4772 115
2891 114
1035 102
2951 1922
97 261
3512 97
24491 582
621 3569
2869 684
295 370
398 4007
3053 10611
106 1438
2432 2204
3019 720
1565 292
2545 109
970 278
7346 985
370 263
1781 3073
11220 1511
9862 1864
5389 1454
740 1087
13945 1628
317 827
1123 444
1046 378
585 97
1300 5514
2983 1682
1404 275
4189 100
717 3632
1205 787
6545 383
9955 26653
481 99
3667 794
4322 1597
11851 372
341 98
8493 278
3317 1388
1782 1106
7172 271
677 3586
1644 4213
10467 115
10377 278
16993 1726
1937 496
11030 343
341 117
19610 726
1985 654
672 275
1794 748
2562 339
259 284
982 493
2455 572
116 110
964 8762
845 514
473 771
1265 521
110 493
5413 2440
110 489
10902 511
1542 1699
400 933
22259 787
1171 2194
2142 267
15158 15767
9458 569
8124 1444
476 122
8795 1380
3355 3087
797 669
273 1952
456 2440
280 3120
1084 516
11280 3853
17186 500
1549 627
280 264
664 453
6167 109
20499 2601
3405 872
25377 101
598 279
4468 27249
842 5421
24646 24612
21085 2349
266 13051
717 812
7530 302
341 5104
264 689
11897 19561
2234 872
14527 343
525 794
282 497
412 6311
5656 23580
787 270
2265 1359
2121 101
1983 358
712 477
7793 18853
1711 8241
508 331
2423 1842
7326 849
9131 3853
16092 2081
1295 1069
806 277
10812 633
4577 3386
520 1087
1961 2114
15776 283
664 280
110 275
330 1183
10230 7380
1103 15445
479 110
9208 295
105 851
2838 12400
4608 3025
3712 5164
2870 855
13612 801
804 506
7040 5932
513 114
8153 101
11157 361
2111 111
813 17524
1127 3583
14116 11173
4834 9385
747 11170
3829 10804
1738 382
1682 808
4173 2486
353 317
7377 760
4487 423
1932 773
2237 725
1585 3859
15889 307
1077 4337
1526 2686
122 2549
10102 12766
8364 1183
371 26650
2138 418
1568 748
6959 2440
6374 27606
1527 380
386 328
282 374
17896 1388
2810 13512
264 1171
1021 263
13059 23567
317 13040
7769 684
3405 2440
411 960
111 814
2399 722
420 1201
12817 12434
282 279
9440 494
1567 496
27316 321
2222 277
1145 2186
7929 1988
4679 807
4949 474
295 105
399 318
863 638
1332 446
863 635
11352 4058
971 550
1319 283
301 453
257 100
7715 523
257 97
3696 6841
459 521
6610 345
2324 377
1836 1250
310 2204
10539 341
2099 345
3689 98
467 945
1290 378
18571 1038
668 1420
828 4637
2787 1063
299 283
101 1390
19700 1524
407 1028
1331 6000
112 12126
2784 275
121 389
27388 477
7323 12986
491 279
1673 421
263 256
12310 2726
2375 110
2556 1106
23108 523
1320 2103
315 964
2778 25037
2556 14871
2474 1592
1211 550
4353 259
1418 812
8294 297
14145 893
7093 285
476 372
4411 1412
6486 617
362 1332
318 1808
744 107
1141 3717
3406 299
6701 15476
17933 26686
7057 321
18051 614
16510 16037
708 4890
315 17992
1553 4503
7530 1862
736 11642
1427 6285
18446 265
402 1952
10423 714
115 100
3128 18755
687 27742
273 1558
1086 421
4827 1536
429 1010
23423 7473
407 428
2354 489
1779 105
262 1253
976 8380
13216 1573
619 488
4506 264
24924 347
1591 5314
116 6447
16212 5415
6608 4479
13809 1039
3642 1697
16199 630
347 102
10335 257
5138 491
7426 283
2414 496
3113 22312
27048 22248
5949 1328
5032 445
5032 444
705 6097
1809 7972
2241 1167
295 17793
15415 102
2057 865
280 1765
12124 3743
556 808
2246 97
8946 1532
3292 4577
20652 489
3591 521
270 818
282 4577
323 668
27088 121
112 102
573 2442
429 1719
407 472
11822 839
886 20978
2663 1741
277 7726
260 1658
23894 328
1483 97
117 347
677 2741
708 569
12102 27806
11148 1870
493 277
265 263
281 697
2994 295
426 3613
4355 278
6212 1315
11425 8966
3246 27084
115 23804
574 3363
486 100
1079 380
22899 2455
474 1046
411 583
6267 101
1168 330
1373 1047
862 2214
18249 1770
272 766
25016 258
2133 447
4175 4124
12496 684
1010 363
474 676
479 1842
711 435
1622 433
1293 17786
16415 378
11697 361
277 1358
2996 13986
2101 607
4137 284
347 1479
7336 1719
811 5636
1030 11106
3313 1103
642 3613
1915 372
1585 372
797 499
407 8941
298 4310
914 597
1561 2186
697 345
936 3645
21057 7886
3618 5869
1224 629
6658 307
574 660
1217 1894
2429 411
115 403
1033 394
632 420
5670 1811
1770 272
5641 773
13087 3920
4152 7874
120 942
995 8069
493 1869
1195 306
689 15445
6279 304
9053 3114
1100 369
825 1359
267 345
744 4310
705 419
2892 597
1103 973
1499 5421
7515 8412
13421 6308
3678 944
4393 267
1010 278
21037 1174
3675 1478
18618 3569
436 1988
456 872
1233 8173
320 812
114 3159
1368 508
1016 9109
8875 893
2960 116
8814 421
4125 978
378 373
272 4935
5130 974
2648 521
103 1076
1225 2186
970 1365
6213 328
1405 5687
110 1381
786 17055
1125 421
562 17999
560 337
639 17288
9519 2847
1222 393
6467 1346
4338 257
22672 1332
1356 1404
1077 268
1707 285
4505 687
677 406
3447 488
811 4956
445 2653
2144 970
474 7906
1875 302
3689 412
18443 974
1096 100
6355 812
561 826
520 105
3211 331
697 447
2929 725
1490 2304
265 499
842 843
409 315
752 2030
1555 673
902 4365
7387 893
18228 333
4154 345
16161 2315
1612 1202
122 2245
448 304
3597 496
810 9311
574 576
4954 707
19952 827
16053 1306
1791 3124
23243 1290
3683 1333
1581 5683
380 492
2795 328
1826 19795
579 812
499 6037
8580 7915
12042 278
11277 275
2203 550
1227 1038
1626 2458
641 1629
1418 3881
1419 416
5678 23350
1313 121
445 1988
2521 322
1008 268
13794 291
4418 421
516 2173
298 102
772 985
366 805
261 1658
97 8158
3734 302
1817 1805
466 3128
353 1497
6006 849
109 99
15185 3831
97 19434
734 4941
3641 319
831 270
6597 433
16623 983
99 2519
263 7230
309 407
2404 5211
113 298
468 9839
634 21988
2207 3611
493 118
1702 350
2450 445
279 753
19485 307
772 1697
318 3713
493 97
14413 3145
1545 26612
3315 2271
2891 687
9035 1785
12529 12529
4924 714
668 748
1448 108
25946 347
1051 122
4168 446
3689 3033
516 2233
1314 4099
10778 1458
1193 5214
4104 6671
7197 111
1320 722
113 264
711 12456
443 105
15158 526
3847 393
1501 396
7144 1318
1274 2065
573 4989
102 419
24602 474
668 1102
1892 1708
7426 695
2785 97
546 791
24181 14194
3140 3944
14010 3559
310 1183
10315 724
935 10326
1908 6632
12918 382
13059 4177
790 3072
6617 333
382 333
3892 521
536 2288
7319 350
3238 1172
1117 3768
687 101
2535 317
20849 16471
1312 108
315 1922
3019 411
1317 807
1144 313
2581 115
861 750
2422 847
621 653
2464 554
280 1851
3763 358
891 26087
759 105
1560 280
5934 449
10894 468
28103 874
1386 108
2153 331
5633 1167
1011 559
645 315
648 22068
645 317
4957 4431
3689 1655
438 1719
433 711
14660 2440
104 98
505 3273
3121 28118
1457 407
270 5440
3209 367
4355 2826
504 1028
438 407
2599 1333
1081 370
4581 382
301 1698
106 109
117 562
1473 1333
433 759
577 6228
14641 4085
689 4860
301 4912
1698 116
2311 97
561 8550
297 826
382 278
954 3801
8217 8760
5658 1226
1545 326
490 4376
13894 494
1165 1458
14048 336
12890 3087
19087 101
6407 24597
1686 1238
1548 985
6267 488
724 7699
2245 5151
9830 315
518 980
675 354
4425 847
288 21761
984 374
642 104
1221 1532
572 449
378 1273
331 562
5909 6894
282 2146
1911 1497
4819 3632
845 1354
2948 3247
1222 97
504 8246
325 366
6472 684
2154 521
3355 3920
308 1551
325 377
469 446
2297 336
1103 105
845 1322
263 1947
417 325
11722 308
576 396
4057 350
402 324
4084 1536
3509 554
298 400
11809 2640
102 4211
111 277
9890 2950
7065 818
6601 748
301 1559
14108 321
114 546
382 433
400 17316
1041 4423
8987 1458
318 14746
16688 278
260 2603
16664 6607
1231 22427
368 1269
4063 4539
751 564
829 5768
719 316
5085 550
1041 695
337 24901
7302 13941
2378 5718
11825 773
28075 369
1385 849
676 2052
470 2553
1695 115
1316 496
106 986
2134 1664
932 420
1384 489
2425 6424
6823 6749
810 265
2635 1458
16464 653
567 4408
2758 1516
569 3079
1783 358
5186 97
17460 1390
323 108
2537 2114
110 2305
1081 447
1322 1038
10380 421
283 569
645 473
904 112
282 928
8944 17011
7087 121
2771 872
4829 5929
681 104
28203 112
469 307
260 415
1581 1777
827 267
1879 428
810 345
641 434
381 2187
4583 333
12678 333
1642 12812
98 4244
697 2114
1410 282
421 447
525 1673
576 318
534 122
100 502
279 22961
2744 433
265 3765
3729 331
525 1667
10778 8427
1217 380
827 299
1463 106
808 361
434 582
1463 100
590 574
14318 342
576 292
282 1778
436 4423
13510 432
5663 4408
318 4986
260 419
28302 1508
19573 2514
2809 2000
1464 2442
2724 112
322 101
317 1216
1077 28163
7377 5722
6379 279
21485 725
574 394
270 21268
19150 321
14187 1345
315 306
5249 448
3885 316
1051 264
789 935
1332 6207
1384 383
264 494
574 411
15401 331
279 298
18537 400
1172 113
18438 1900
798 421
514 2057
4193 1524
473 2852
28243 28335
928 366
1986 485
319 653
715 407
1476 940
2212 855
426 771
3054 315
109 498
1217 299
1117 2345
1389 1250
649 4129
4502 2507
751 1290
5815 278
742 3206
699 590
5842 369
11607 807
720 101
8307 553
469 7670
7323 7771
417 5591
827 433
648 22806
465 106
6455 725
302 6060
8483 7307
21070 980
2655 1699
492 336
1086 5871
19163 709
28372 122
12247 97
411 98
810 508
2506 13899
354 350
3682 491
439 1605
2724 14820
444 4603
14542 383
3891 336
2482 280
2716 336
7490 420
2200 316
282 23870
12868 514
863 394
111 4571
574 3025
8066 521
1442 12949
21590 411
581 111
1581 1894
1030 281
24144 109
280 1081
317 317
428 1421
894 614
10841 262
5099 4103
2798 550
315 438
689 967
3892 812
862 4850
664 2266
350 291
265 1247
13709 28385
6986 115
5638 6371
3028 407
1417 7532
1572 2030
429 1380
335 1264
492 263
14859 2813
844 350
513 7048
292 2238
3482 704
964 277
1581 15747
458 488
100 103
570 303
122 264
4525 582
6544 1780
17015 3478
801 708
21540 274
16590 103
2867 725
604 23603
498 511
715 298
1494 380
1441 1328
107 337
734 328
12141 782
311 116
13416 1348
3855 275
7716 2000
12078 331
1680 1431
1224 1667
9635 2638
1732 103
4455 1368
112 771
3608 758
315 498
686 1182
3198 1497
2028 447
1593 794
914 108
3289 330
3796 275
827 4369
842 350
574 109
21017 3132
825 399
389 1106
111 1566
715 331
3238 1792
10767 516
574 107
2678 550
963 982
996 12811
1002 588
2142 2030
466 99
315 485
342 2211
298 10360
1786 486
4770 773
4292 4515
324 107
10718 4774
4584 807
583 2930
1566 259
28497 628
587 773
487 794
14401 3215
473 279
362 104
2647 1290
261 706
18268 18130
394 2286
11980 967
732 445
1766 444
8036 687
4677 334
1117 1028
747 3451
114 1374
13250 1900
116 531
19544 1090
407 2376
751 13544
1764 328
25391 7511
516 447
310 1785
2219 315
4664 1517
642 3237
1925 383
740 105
4282 292
3021 1328
2860 406
2457 495
940 438
1655 1758
107 474
6222 594
525 5843
686 1069
350 1793
360 2601
278 14157
885 1522
26195 117
10909 974
14743 1535
859 282
358 345
3355 282
438 760
942 306
495 2001
523 20321
3633 802
504 8517
490 5431
525 6364
2078 372
281 401
387 275
9139 321
473 498
12253 1269
13809 20860
11060 6579
12877 389
1533 1172
2604 849
8970 465
1533 3812
12843 1231
328 1511
28572 14158
103 407
881 22957
6939 645
15464 583
2241 3091
2762 2103
8362 360
1564 5853
561 1199
725 493
561 444
389 1256
11463 563
411 2715
2138 629
429 3025
3080 11158
378 932
310 1558
103 372
1169 496
1354 1551
576 1722
111 3524
1238 373
111 3527
14866 1961
2759 1087
590 350
315 97
10851 298
835 10743
383 28433
904 489
12651 20169
4001 407
863 4518
116 640
323 5312
12381 449
511 318
8620 13360
1782 1683
4764 3831
765 458
261 6595
3635 5744
106 706
796 11221
106 3219
2355 684
873 120
324 466
4405 277
21607 560
1976 983
13058 374
4126 812
1157 847
18103 267
17165 323
3273 1829
16814 97
374 1173
4560 8822
672 2169
6306 521
3439 1585
399 967
590 280
2839 560
288 23100
984 704
4927 331
3931 275
2782 1226
1211 336
1175 24198
10526 844
328 117
4840 112
2576 10174
369 1420
283 4182
105 474
1962 485
4057 1517
7132 317
1268 112
9551 361
660 118
97 5741
1004 1862
1545 7139
5874 411
2553 1009
1221 321
13657 967
20060 16284
10063 368
660 105
581 291
331 1605
3307 1148
2914 550
6116 336
102 6617
448 672
4154 1009
354 572
1306 421
278 113
269 849
947 97
844 630
742 101
5855 267
297 2104
732 108
7397 552
12587 893
108 826
12567 1797
25616 12381
1964 25630
1351 616
448 705
279 17136
116 6998
3937 336
5199 973
466 407
12998 298
7027 3953
10960 382
790 5046
265 593
1012 1978
1960 337
2712 295
313 4185
5539 849
994 505
2718 3264
6057 4956
2663 265
579 115
503 9169
1790 336
669 570
551 98
757 8586
1464 3318
772 98
845 3766
640 720
970 103
970 101
531 1579
2324 992
100 1264
4681 7403
1561 4011
118 437
1387 6114
888 1172
1294 105
766 1428
1501 783
4243 2053
651 98
6194 1381
5866 285
2320 1431
10713 278
683 460
21831 1022
704 345
328 18600
975 773
268 367
2749 445
24708 28215
110 3521
119 787
10882 275
1140 2213
1331 1137
1562 19913
23324 25950
802 2445
2146 116
1777 689
114 496
13252 22121
603 1681
2551 560
1112 11938
2386 394
2827 771
476 5661
25000 256
2873 8983
830 8228
11252 28777
5615 105
270 315
99 439
2607 282
122 112
4438 104
270 23119
3401 28785
1027 333
1565 109
1634 1988
16065 259
104 992
494 684
448 576
1565 103
417 2444
28795 677
19670 706
306 14418
9025 3059
520 1370
5496 10886
4718 324
1865 1517
2318 2514
503 2342
21959 446
974 267
515 10764
5385 6841
422 115
24151 1390
2373 298
10546 21134
291 298
607 654
1674 469
771 122
4046 588
412 303
838 2543
380 3247
116 304
116 310
21630 449
10022 1863
747 898
2130 306
2170 16729
1464 3400
649 345
827 826
299 6167
6457 1808
11880 11511
2762 1431
1013 1784
7785 360
4041 361
1838 5462
1765 100
2561 684
372 117
99 468
468 1947
21180 3363
1510 267
1320 445
517 1458
4331 361
3461 1477
362 308
1120 14748
5238 331
3958 14386
3164 116
318 109
923 1683
699 1094
16369 12061
1824 708
943 1952
4978 2866
2364 105
3566 3073
863 5503
362 342
715 1009
4173 967
309 2307
3428 829
270 21801
9160 407
517 105
1440 10253
514 378
20579 101
2296 551
326 378
2771 1345
387 121
2124 2709
465 559
504 298
6559 378
626 673
7810 614
1869 115
407 2125
13074 28888
1680 7771
1023 2953
549 444
5670 297
953 318
15078 110
114 315
621 3002
3175 489
2355 331
4119 97
308 2920
116 433
4095 582
23378 6858
2823 1333
322 569
1502 279
5241 10674
1429 14008
826 315
3182 12557
6254 25898
3212 1531
672 4374
1947 115
3322 531
5632 970
12947 1504
2491 278
420 420
433 498
4434 416
10123 256
1501 19505
7388 2032
347 28167
114 263
1115 321
1331 18088
99 5906
272 2864
1046 1087
2346 2514
2081 2013
19451 9311
929 4709
13410 16972
2531 807
17471 725
826 367
381 448
2703 744
17429 1038
476 19974
14205 263
16604 488
1826 7476
2972 23592
5358 5153
19156 2238
12817 28322
23906 1020
20451 275
16782 14516
16042 782
408 8461
5586 2693
3831 256
279 2538
7231 28029
101 1244
301 3825
1185 7882
97 477
1891 331
8756 449
5194 882
844 788
5049 782
1892 3801
368 458
1674 114
111 709
4768 317
720 2531
4062 282
1404 383
689 370
1750 287
5059 5787
14357 1370
13546 321
12487 272
9418 1719
7565 315
7591 28758
6850 453
111 687
977 121
323 6166
2235 13725
1367 4011
770 433
112 323
700 100
1967 9700
5576 507
1011 449
6847 267
2543 559
4799 277
3494 282
2716 849
306 1374
825 1833
311 1730
25871 299
115 800
3403 350
531 5740
7707 307
22091 334
367 1840
556 11051
2801 302
4165 445
786 4737
1584 458
5250 328
282 99
1997 331
793 10897
14875 2321
465 6543
345 287
1011 24422
1929 760
25099 3112
3589 339
835 280
370 304
892 100
892 103
1367 1090
8565 550
381 325
821 554
3550 428
370 261
345 307
10366 770
747 20798
811 1057
4819 285
3413 582
3544 308
21982 4364
2656 16836
2150 1183
16983 299
4182 3006
473 826
1433 407
433 103
16327 7816
2046 28299
3686 109
1233 267
19417 298
1622 2081
4130 5623
2310 839
681 8085
12500 708
370 354
2983 5816
904 978
3845 6643
5215 18043
11854 2000
3407 107
466 620
281 1020
2109 2693
500 1390
3014 316
28554 574
20714 277
3279 105
455 604
6015 6802
378 2675
270 559
4318 334
2142 277
2551 304
1217 15763
3794 1063
648 2261
5397 117
1418 731
891 99
311 2103
26313 1700
3014 285
268 1348
524 298
5376 328
626 302
17558 3134
2625 278
24049 270
19477 781
1622 19250
531 672
1126 15120
2244 5673
500 8701
100 991
1107 2177
1723 5314
962 1415
97 1866
3718 496
2187 748
23554 851
1768 1620
10311 984
771 1002
970 407
265 10589
278 446
22562 16486
15821 1840
436 770
2051 668
535 2065
2053 3215
362 625
1535 22089
1276 101
334 99
1288 322
4545 521
1253 1172
2021 14434
1030 983
3000 331
1538 892
801 118
17224 1916
1579 851
21860 523
10295 325
417 676
25585 468
24846 5777
1143 766
4272 257
117 3516
7319 805
7430 284
19593 3442
1033 6987
16367 449
668 25344
1895 361
469 514
264 694
7257 275
3845 796
975 2445
1331 117
14513 400
7304 554
1987 295
297 262
104 694
28675 1216
1349 104
942 711
1225 3886
3931 16171
6601 4294
370 3877
6730 1332
5247 553
4038 299
1424 449
324 6233
2184 1028
1306 10901
3426 1250
12117 407
863 740
2802 2705
28196 468
3057 629
1319 1916
15546 111
347 28158
603 582
551 21337
4143 411
4183 4256
1388 1428
4639 358
370 3851
1481 420
533 5843
20263 259
1030 684
2757 652
1710 279
311 5073
1274 1110
24645 394
4352 684
891 1643
1660 263
407 563
1455 368
7402 2369
17884 10784
2278 494
1599 1730
313 1885
11148 11165
317 16749
372 323
121 311
2250 1458
11031 982
567 1620
4608 283
11261 28723
370 705
1134 331
4072 10762
1237 1784
10841 576
884 7972
3154 1328
6318 1715
21866 285
22407 9670
4266 257
322 828
562 28390
378 6874
1368 115
1868 350
3711 550
1516 22795
2028 1080
7656 585
381 109
5307 279
5942 277
120 14799
1330 117
4829 502
2772 550
6690 4078
9516 980
3214 358
28519 17158
8820 5943
500 23698
107 28193
1527 1699
668 5463
14921 330
589 396
1516 322
469 2434
877 6228
1365 7160
448 105
370 658
4139 406
28198 372
295 98
1929 4850
8817 318
28973 270
12373 551
654 3581
28651 1039
3998 112
11072 660
23896 1195
18355 428
16692 2445
1145 967
1875 1592
654 14009
6046 97
996 855
474 295
6697 285
1380 297
1079 3478
9197 284
16336 2455
6683 4519
392 122
277 29292
14055 444
298 6696
297 469
5473 336
14073 339
399 328
11353 445
3485 877
24640 1819
674 10961
9195 444
1311 492
5878 2813
2945 787
619 339
15414 116
2939 1119
1162 451
8066 275
974 13917
1387 457
6072 1055
2599 331
1490 2171
15189 415
8305 3076
10357 787
1072 2592
10117 5105
2604 1592
3465 1497
2184 257
726 24703
3943 849
22516 28072
2312 316
3728 307
341 839
7814 22378
17337 258
3080 3363
7050 20805
6284 1811
1996 115
278 589
1764 521
954 2638
1837 22387
590 1096
1838 6404
1079 493
111 1406
19702 2847
2572 1792
3642 5424
5168 278
370 527
1535 14715
16854 893
1779 101
1929 283
6192 279
28488 2501
257 1454
97 20615
5451 4012
1682 1015
19534 588
18397 318
594 270
2521 4433
1082 1531
8829 2612
1633 450
4683 282
106 2953
298 2754
1084 350
24734 630
3728 382
16614 687
891 28604
318 24563
1481 24284
311 11222
3532 1375
9618 380
16362 97
963 28928
1632 882
10013 11338
1047 99
24572 345
104 1043
10046 277
399 469
19199 321
103 597
307 400
1644 550
3604 105
4878 3930
17685 1234
13063 321
5715 438
5241 8405
1883 112
11697 279
1247 99
299 28635
1402 18726
1092 6823
6716 331
121 4708
1929 3087
2455 449
2392 105
1247 109
474 450
1612 1324
845 282
5934 116
11520 5865
845 280
1581 570
19302 97
11025 2648
2119 687
111 10673
3421 29427
681 2482
263 407
996 905
996 15254
9418 279
23912 9833
5502 444
1340 2620
1344 97
5616 331
7268 4713
1725 2251
97 687
119 399
426 468
20904 446
5031 295
472 22955
2101 559
11202 1947
19898 1851
28774 447
3955 489
1046 111
1550 267
4178 445
4329 855
2617 1813
20794 281
18585 28263
4264 428
108 1554
436 5659
360 551
1046 117
10249 1551
24296 469
263 473
298 7477
9085 321
5138 361
1133 3025
407 265
400 112
13643 97
3871 2704
106 421
3623 15510
6456 827
4483 17083
504 1898
696 12520
728 13389
360 523
2005 1912
742 865
793 604
877 3114
1585 321
861 2126
2372 275
5400 28039
2518 321
1856 433
23876 1405
3512 1028
407 2982
115 396
286 275
447 1039
22608 7050
1542 1333
4978 2390
2900 725
579 983
1976 418
1163 3853
5560 24650
2502 8396
810 98
705 4546
4764 504
306 16953
2997 1167
1238 6231
282 551
1773 2413
3161 2250
17688 1582
15021 101
17916 447
2372 1263
1434 1592
1153 418
116 1069
342 367
8315 554
374 704
3686 1669
1627 407
21138 17638
99 3953
3553 4589
21169 257
1125 445
444 849
22018 576
403 115
2508 1226
2791 108
4478 576
2157 393
114 985
465 407
2554 10930
299 19743
2029 108
734 991
677 481
10080 1192
115 369
6558 333
2623 406
1012 496
263 121
302 19710
2929 1321
1774 1028
3623 984
288 17322
1650 363
97 22030
1486 3802
504 2345
757 103
5549 445
1448 1554
312 550
2958 444
4725 500
4487 4161
9587 278
2615 101
459 280
278 2130
445 1922
118 554
606 316
2235 1348
933 1504
573 1104
654 8382
99 8043
12075 111
8696 275
7990 97
689 1412
2311 421
965 5558
118 566
23165 10867
387 3608
1644 6404
412 572
6801 5847
2487 270
28279 2815
383 1933
566 100
634 421
559 350
526 1315
3211 285
2083 855
805 16498
481 589
29347 1658
1416 847
1181 748
3756 3088
23950 992
13310 488
345 1511
562 277
1216 97
2695 1784
2057 25910
1537 1519
3102 1760
14619 2728
2175 115
3355 882
8309 974
689 25741
2654 3834
1933 335
394 279
6399 1870
2767 333
8288 257
109 100
7270 421
556 765
322 2028
699 306
1930 105
7553 331
3388 980
19425 563
380 299
4982 112
882 5590
326 1183
465 297
2455 109
844 98
6225 2273
260 1874
292 481
2501 100
11130 382
1199 1828
556 516
740 5843
5436 794
412 684
311 382
758 103
3670 285
315 1988
433 1262
5291 107
1736 769
381 940
411 282
394 366
8493 849
9186 6912
1614 521
1399 277
1131 453
976 582
500 874
3337 103
804 1336
1117 2169
17696 9019
307 4570
805 828
551 10226
25265 2166
2698 378
2518 603
853 4593
3813 382
1018 118
18673 16313
1332 1796
481 2057
26623 4023
928 106
12702 333
2585 498
10456 9312
4503 654
1236 1517
4843 849
2975 1758
3221 350
500 1723
1423 97
641 111
4581 411
2883 877
8183 653
828 8245
25646 260
3716 550
10090 847
16475 794
24120 99
13157 304
6928 1250
689 617
307 97
908 114
6157 1016
849 444
685 106
3640 725
668 6570
13393 14640
266 2666
504 1087
112 3267
2388 927
676 16757
4269 282
877 2889
1104 112
6294 372
572 277
288 3361
2165 400
371 630
373 1390
1231 593
2084 116
14349 298
20494 6168
4595 1063
511 1328
122 7154
411 1668
573 3825
467 260
2203 3087
648 420
105 2653
2258 26235
1016 1465
829 281
2963 2413
1650 111
11115 330
1281 428
16804 486
4131 336
394 1231
825 1172
6814 927
1466 597
1321 407
22550 8747
97 13059
298 452
503 22956
2845 1069
98 2722
3031 1375
2655 2507
1268 1232
24065 16778
786 260
2382 6470
323 5519
8922 8078
12951 2455
97 2478
12376 421
7826 9077
885 477
398 428
4131 382
3059 4936
1593 11923
2013 1096
21493 2686
6521 9816
257 550
11796 1947
8262 1094
1486 8972
116 983
2214 2271
2966 1586
106 1652
882 13105
863 2842
5824 27879
16662 3940
101 1796
325 5373
6431 1160
2085 4431
528 333
668 26211
829 449
771 6261
731 980
116 800
277 323
6680 336
1096 2689
590 8628
10926 4593
719 280
10380 275
4801 314
14599 6654
705 10743
26907 942
5949 275
1829 277
1045 265
280 630
2034 4818
11781 469
1364 855
523 97
2183 582
800 582
8205 275
409 105
330 27285
1168 1413
1568 298
445 100
2671 275
2242 781
766 283
260 288
324 935
26419 29841
27855 298
3815 336
863 3313
1332 569
705 1404
2355 812
492 21906
2777 963
3057 22712
627 1809
4057 486
100 421
3645 263
4815 111
846 317
3563 5871
11113 511
804 21691
8220 283
6189 787
2735 8330
13205 270
1312 1919
5628 4374
27234 874
5589 333
106 1749
3151 1262
109 328
8259 292
1077 554
660 2810
264 11203
1930 280
402 318
9057 630
1125 14033
7962 492
1024 288
808 406
942 104
1358 120
590 3464
1368 1475
424 9819
942 13838
373 1165
1491 6677
2762 1952
2605 14263
18874 2233
797 2619
458 104
481 3006
8781 282
1599 2271
12077 99
740 281
5971 2660
593 336
342 675
672 595
2542 270
109 278
9178 18984
458 122
4837 279
1099 406
877 5744
374 1008
117 19393
869 1055
6141 444
974 8709
711 5466
350 6957
11702 275
4484 4515
2795 725
3594 676
2157 1379
27631 771
877 107
6312 336
1087 270
13804 2988
476 1458
606 116
15251 893
725 10914
334 781
17509 468
1680 116
2757 382
343 789
25721 2603
15784 107
6220 1498
3003 316
2255 117
11546 278
13155 508
12330 372
1479 500
2625 2558
1915 847
1300 1988
722 424
2688 1030
5939 279
606 105
394 523
338 970
330 27145
6012 277
1413 2162
4194 112
5156 521
1599 2214
2203 808
2247 3237
26901 11926
800 1009
1008 728
421 368
317 1233
8420 285
277 446
740 324
3624 363
371 338
4731 1442
3489 1063
1114 444
12814 551
317 400
1942 474
3478 277
567 416
5807 103
21182 2305
277 428
26860 1743
4967 298
636 665
374 928
1280 5787
400 21981
1340 1719
440 10320
372 25563
7990 380
621 843
371 323
1142 847
1340 2263
2313 1658
3588 263
1770 8628
10858 1558
111 4373
863 457
6450 2375
420 2376
10725 453
1389 551
6022 9069
3465 374
6685 102
20452 481
620 3219
539 831
2040 12519
1331 5622
1553 5920
4048 284
10191 116
4318 561
6981 281
110 582
972 3087
641 267
6660 551
771 447
1145 97
517 553
1764 1167
1051 13800
20149 121
411 100
4534 1328
1231 783
110 597
4225 1063
325 1775
317 366
3117 1063
11004 382
18949 5198
3238 331
97 2578
10739 6483
1917 107
472 706
292 3692
7456 807
500 5876
347 22036
14838 847
18541 655
881 4686
17693 2517
112 841
6077 582
6580 3775
1337 708
317 312
363 1759
932 594
30061 1428
29925 1412
1857 590
523 345
882 13896
14483 2438
1796 486
2787 282
2787 259
319 453
265 972
350 297
4944 382
2463 1332
361 101
556 2175
12708 7646
3089 285
1817 1721
19701 3040
6531 1988
3912 378
660 370
12078 372
265 985
811 582
257 1972
113 664
422 1105
1163 3006
435 3676
3209 22217
363 7078
270 2889
11824 115
2287 101
3527 109
3056 331
2230 2445
4331 122
7265 3488
266 419
14448 277
1892 502
22240 298
2383 284
112 772
1566 354
1320 1592
6779 4934
7716 354
3567 955
5524 382
11649 360
6929 99
19113 1160
1173 10184
8844 1171
1693 378
1221 1656
2146 277
574 111
4483 7787
398 20707
26257 2423
602 97
1018 3071
1605 527
5408 551
11788 847
5567 492
736 350
2005 8458
16766 298
1994 748
1865 1620
270 14324
842 304
3940 1011
5230 445
3343 7771
12764 882
9821 976
888 6266
2856 10961
360 98
107 2648
362 112
12566 115
371 426
6702 281
12205 283
11310 1156
801 630
10441 315
1016 272
6775 982
2542 764
12205 277
802 8163
715 378
2364 5070
20292 2463
2809 267
20723 30165
675 531
3014 1485
928 6980
3499 30169
458 373
10514 19465
3258 418
15185 3215
494 330
689 847
805 469
7594 29874
3619 445
842 257
1749 20864
1817 6891
19150 2972
411 10642
574 5805
307 11020
5261 1380
531 1380
4075 341
2082 834
266 318
15792 380
1503 4496
4205 1388
1173 1719
20903 748
26204 3178
394 1497
2217 4509
2067 1558
1046 1412
516 338
1851 103
1585 748
1063 104
7331 292
749 521
117 23916
561 481
97 1300
29646 445
401 1862
4648 101
1445 377
1475 1028
1548 2375
2919 7539
30217 12491
2731 496
4006 551
4848 307
373 321
1174 24710
790 1988
102 986
498 347
699 970
105 347
862 1381
10629 877
604 1057
1238 342
7597 3171
1002 707
15199 429
583 108
733 1300
2278 521
861 1555
1070 336
556 17834
936 97
10612 1900
2803 2689
103 382
7132 394
5966 581
588 358
2234 498
561 5257
319 315
27691 110
2681 30252
9071 469
30112 5459
2078 321
306 400
11188 1139
408 267
279 120
3216 9081
319 7995
1184 5781
1119 942
1570 10674
2219 444
6048 104
563 4256
10655 336
1812 980
4269 1001
618 283
861 10163
289 2631
98 102
1716 292
12598 1348
7438 366
19616 3946
11845 299
4429 684
548 107
7197 708
1238 434
30284 297
328 6766
1280 382
827 100
888 898
1539 339
322 263
1024 114
2852 103
8176 3219
6328 869
576 100
1236 285
326 105
17206 1840
8795 7973
1153 21078
109 589
1255 1328
686 5089
3334 416
1809 277
400 9455
444 407
2669 5718
932 929
264 6231
536 295
1246 3781
773 113
1509 812
1422 469
3031 550
4505 496
97 111
101 482
104 25904
12141 4956
2783 282
1614 97
1278 1263
604 1165
16124 98
10909 773
422 1317
317 1947
11177 4115
3553 714
10688 13360
720 985
10607 116
731 15549
3196 1250
788 970
3689 7716
420 20073
21302 318
115 516
10181 277
2268 267
1134 1333
1773 491
747 26567
471 108
5587 336
335 279
118 30350
1492 20121
929 983
1291 466
101 394
1100 1696
6700 13295
448 706
4554 1682
415 4234
4046 16749
2903 1348
3937 339
492 3617
8933 4115
891 1119
2780 1119
29944 818
2337 707
3426 855
618 446
383 665
885 4213
17596 260
383 2163
299 3583
3636 316
19612 115
268 336
1997 1517
1440 645
514 1146
16748 893
1110 30285
1643 97
2418 111
2278 1792
410 295
6744 8228
929 1667
18180 5900
30391 513
11192 847
1820 15999
428 677
1294 98
23969 322
3031 1952
421 105
1385 2137
556 3219
21276 105
932 2261
8579 330
2631 12498
12984 389
476 843
2074 331
4225 3011
2802 4517
908 630
2852 2875
2398 550
26435 2039
11887 6780
30415 582
1269 110
10021 111
270 347
326 446
517 1328
4939 275
435 20386
281 114
8590 29719
6929 2625
994 447
2949 6298
2124 97
911 5636
4483 29671
4895 105
6373 1796
1441 1202
19620 2796
317 13945
122 103
2544 794
122 100
3071 26981
1296 527
511 4408
7662 1423
1339 9312
465 708
4417 259
621 2638
4173 2171
465 717
4067 1038
317 1668
2019 653
18909 2286
1704 2581
3638 393
23230 278
1340 2434
2479 1840
1180 23578
1173 11774
648 773
1257 8982
15365 333
1601 4603
1982 694
1802 3829
98 847
102 1101
4421 1114
863 1354
29799 17867
330 97
420 111
6581 5433
17245 265
704 279
848 336
704 265
933 725
1265 16230
3955 2176
5201 985
3487 311
1522 677
4798 14344
498 523
1490 7060
768 11908
450 7173
1672 108
3057 1679
2037 550
1916 448
458 1189
2034 29764
7314 339
8678 350
1114 787
749 812
3807 2353
2629 336
620 787
486 2249
4747 843
4257 308
972 406
503 2304
379 321
647 812
105 514
3405 5424
366 4517
401 1785
583 317
112 640
468 360
360 2852
114 415
1002 1620
317 1656
603 287
12813 115
278 1551
527 1700
2005 273
2142 1730
630 280
5656 434
523 8699
651 6961
8798 486
475 111
1153 7525
317 4194
511 97
912 330
19398 350
790 2539
835 1087
8262 2864
1563 345
292 1010
266 521
1349 492
2815 1300
433 336
1040 421
1854 1679
5774 720
456 2103
4237 1305
473 117
101 4640
415 2683
891 323
2829 1241
350 6360
11217 1796
112 726
2733 551
14921 1690
25142 306
1018 11276
6212 446
2579 458
1178 13469
884 281
368 323
22950 411
114 350
2079 105
741 6833
1230 855
102 18978
4331 406
531 319
116 407
400 556
1030 1620
21005 14368
276 284
3236 7926
20587 6871
114 333
1869 122
22698 630
10249 19532
7098 26774
339 101
5023 336
1331 350
589 2735
104 847
5180 3437
797 829
715 942
933 582
1641 292
2860 1010
1046 3829
30600 407
1509 1202
11980 2171
617 8964
374 2654
4747 980
99 371
113 1082
5985 339
429 1922
3260 302
490 2171
621 3136
14665 4593
1430 383
328 30060
1340 10746
811 1517
5284 675
1255 617
118 108
319 101
4329 277
120 4295
8297 10913
676 406
1312 23002
569 373
1201 29732
18352 843
4595 1830
2892 117
22238 1183
30633 8090
10334 2625
2544 22933
2751 270
6368 284
120 120
531 373
368 307
18418 10010
1331 12098
14688 333
536 118
6500 855
942 2081
1839 4578
2537 345
112 505
1027 2809
2544 1404
104 783
306 985
426 3245
3675 257
9733 781
2386 30657
262 1013
516 98
546 103
1842 4112
2483 6146
1783 927
29852 4320
315 4027
30245 1721
4240 744
1763 295
2851 794
2935 2507
8275 279
2359 511
618 105
1332 13372
1294 395
2067 302
13372 985
1458 316
15479 9312
19616 20589
503 27278
741 297
1272 97
378 3132
30384 321
458 5115
9195 1345
407 2247
711 2909
5432 496
2068 1095
10679 105
3672 1202
260 553
902 3645
531 417
121 1770
805 103
3628 8553
3723 1554
257 307
354 829
21976 272
2182 23471
4362 350
1352 2233
30368 582
2297 1250
1365 11575
579 433
10575 121
5818 11509
338 104
7578 97
2000 105
12966 383
342 6769
746 453
728 30719
1144 3825
2276 722
1433 336
267 2211
813 29860
2979 8698
10665 1345
790 5514
1814 23398
1641 446
612 3437
25695 7937
801 2875
2006 14622
23692 978
15961 400
6230 594
30111 1658
5718 315
8231 492
1708 328
17908 284
5744 333
3325 279
535 20734
1565 282
288 115
11807 105
2890 1658
120 4192
4422 1028
3499 25230
3192 100
1464 7651
770 394
465 1842
912 694
384 325
17032 6559
281 818
925 16988
381 9773
530 10404
1269 4848
7810 1863
726 3654
5036 292
5091 336
2167 1348
3152 511
3273 17923
3686 113
3965 6841
1750 382
3334 521
17708 11926
7175 10174
111 11761
5131 877
1002 108
826 468
1350 2603
97 2040
1131 5569
18479 6620
3133 4838
1253 955
2575 267
2295 331
1509 694
366 3092
437 257
3060 10186
2410 415
18398 2421
5554 331
112 316
4117 104
259 258
583 720
692 551
350 2390
573 3400
930 561
422 444
371 3993
377 116
11463 1658
5833 380
3662 1359
1750 428
590 20896
22872 307
1216 765
3926 382
15128 499
1044 444
1173 576
672 257
101 558
2427 2149
30525 579
30822 982
2782 855
576 630
3591 295
3893 107
3225 336
20008 2501
1113 407
827 6654
1641 1791
20170 265
101 562
7057 684
3406 4463
1125 1517
9128 466
994 1192
1542 1620
6057 725
1736 279
1429 19669
1368 3380
3544 336
645 936
2305 295
3424 801
10638 6871
305 1620
2827 5463
360 2291
3072 1183
932 26074
19835 21321
16924 11926
1123 302
4776 1506
498 801
407 30859
5656 101
13109 9137
504 1598
2987 2630
9126 1028
968 328
5015 11981
6743 21654
560 1429
307 30712
23359 345
280 285
6395 1794
25397 660
472 318
292 13401
6167 121
472 306
2427 550
3335 794
1802 97
562 914
297 298
3195 358
930 2479
1006 374
1389 445
2373 111
5459 826
2942 1172
14410 720
3173 367
860 445
1117 1767
5049 687
984 1195
6583 267
19163 2392
2037 336
22058 877
11733 9137
770 321
20772 812
562 1021
831 1943
14715 21358
750 116
270 9466
621 4533
2627 339
642 630
2537 111
24500 1611
942 748
1824 827
717 877
10039 331
23139 282
3945 336
2655 372
2463 111
2539 1558
499 554
110 358
261 264
1254 302
1406 306
3052 1558
2572 521
3203 566
318 1751
282 446
7459 3087
1674 13148
673 855
325 1438
347 328
626 9402
929 653
30559 30242
5904 30940
4398 521
104 1473
1853 2706
372 4571
8647 514
3679 278
1834 1517
1360 423
1163 827
280 4519
560 29912
482 7817
863 553
979 805
318 2010
818 570
110 321
13298 383
1004 1250
3282 2440
22701 844
822 978
522 5462
883 554
110 347
504 10611
297 421
381 99
305 1784
7479 7384
8039 331
533 8985
22245 446
5267 1773
118 980
26139 122
435 119
281 1028
940 2137
307 3439
30172 1114
3289 955
2000 372
8277 694
2368 267
8066 421
4086 847
911 12098
2418 563
353 283
116 1381
379 116
399 285
2295 10347
8217 412
932 2654
5826 116
472 400
1300 7823
301 486
5819 13181
1585 122
2573 1551
26182 9067
3528 2517
17285 322
22295 3076
705 1898
4440 14081
111 851
9070 284
885 789
1836 9628
257 113
797 26180
804 281
24472 6890
7132 769
363 984
666 281
1367 2345
514 108
686 725
260 891
921 3576
1008 19848
3775 645
894 4570
508 496
3794 970
25928 759
476 418
21620 2233
6066 121
2846 114
26903 1277
10271 3632
2311 1202
1002 328
7609 709
14046 295
768 378
14045 1721
453 383
29807 1605
305 486
2479 1421
7057 256
10818 298
1502 4027
3497 2300
3958 13252
1368 5842
3264 108
1839 366
3033 494
4477 691
1763 619
23879 1841
421 559
1395 847
20213 1658
4633 6953
818 6308
9224 677
1204 1087
531 4738
1206 299
2222 367
810 12431
2409 590
2397 278
11457 285
758 458
579 7455
579 546
8062 336
2599 372
3258 1028
1430 595
4797 1760
7498 494
1425 14791
280 7361
299 342
14997 511
1229 619
122 514
7769 1172
4353 302
338 292
4970 108
1765 1174
1905 2271
2399 406
12733 363
474 383
2055 108
16249 321
24669 321
5575 363
5008 493
411 720
2843 115
280 1700
106 373
1324 722
4425 421
6259 336
2500 855
3421 394
31112 278
2084 3206
108 370
845 358
288 311
334 270
2154 1551
1225 898
111 1305
11825 4860
2460 307
395 112
11513 8064
3313 504
2082 1028
8277 847
307 412
10970 24167
814 122
7498 421
12576 361
3319 285
2295 2889
772 5543
111 1312
2081 21903
24001 6583
1961 569
3518 722
17964 448
532 1791
1671 1279
12360 1949
516 630
3807 1495
334 325
727 2343
676 851
1509 1784
407 466
3074 1808
4592 13364
1539 970
869 1700
31156 423
19367 531
604 417
18319 4213
22087 115
30020 5152
551 748
7371 341
574 5065
772 5111
996 1654
334 445
1008 4420
751 469
2244 3006
29715 2847
1350 111
1069 331
1100 450
26130 2869
17660 691
493 270
5080 321
29775 8267
4465 318
9546 3182
673 1730
1046 105
1143 869
6004 855
486 103
493 354
16438 6687
642 321
18027 345
265 277
429 2533
282 9188
5730 26810
811 112
117 306
370 4749
3414 812
3702 299
2071 551
3591 582
11527 4286
516 574
20402 812
1655 855
1976 494
642 315
21006 7214
2326 279
11558 97
264 818
520 27833
796 2364
5101 267
770 5538
1300 7937
15949 801
3021 582
400 118
3596 855
282 7696
31222 116
116 1163
800 331
482 8006
1402 328
531 3478
996 1592
307 267
2809 7947
6564 2266
536 3940
29679 488
3733 748
337 709
436 118
3083 1189
115 500
318 7392
30561 285
1168 283
104 322
7685 1090
5307 24338
320 4647
890 278
5012 588
1051 1332
2138 1812
18325 107
421 3923
2488 2785
272 27645
12171 285
115 506
2084 446
5696 489
1313 2806
29650 2705
330 651
4906 3073
11728 10063
949 582
16674 1096
3171 551
105 2384
765 7792
734 812
3639 316
23366 11926
440 982
728 31024
1601 8489
1836 4217
19239 24788
1765 21400
31277 20192
1012 421
645 4028
377 22137
18415 2421
429 3206
6274 26931
288 26813
26919 562
6102 382
19199 1149
10099 13137
748 7903
891 3267
1294 985
16667 19277
260 1775
1171 898
2806 630
902 8396
1100 366
5964 295
6601 3743
2317 847
118 23373
2943 97
16042 319
3792 1730
282 523
14658 983
6358 97
1751 437
1526 121
4209 99
29750 29786
2157 411
1100 277
12866 383
15767 1380
106 2593
12031 449
292 292
2849 782
265 3206
2400 498
1012 494
104 300
2448 394
23715 17994
1054 366
464 31327
2138 8985
4900 11542
15488 17953
2771 695
574 765
267 264
30164 363
762 1428
98 5183
1413 991
15062 117
315 30215
581 30871
107 14926
8087 270
1806 1978
6610 1195
11958 492
13653 3726
7799 1759
18012 5709
6581 3146
968 684
7098 328
14951 9312
292 373
1854 1412
984 100
7736 373
1051 1465
14454 511
14641 306
536 13371
105 1535
757 105
20814 277
23664 339
1535 433
9455 6196
263 111
800 2021
370 1409
104 486
465 426
26927 105
717 421
4417 748
4520 328
23351 12198
1131 345
4510 284
299 104
3595 629
1193 421
1174 282
680 345
1566 12914
1461 2629
999 275
677 446
1340 265
102 3178
22930 396
765 7914
6255 1202
113 8720
292 444
4168 295
12508 1250
3011 604
100 1901
16965 17022
264 1328
400 472
3932 299
835 794
16460 3930
341 2444
323 265
24698 793
9111 2137
273 271
727 6060
2182 3395
6463 5600
1737 465
447 367
394 311
3080 318
1933 298
1442 267
2187 111
3817 15917
400 4519
4618 731
1701 23514
1627 680
104 438
3478 119
448 283
19372 3146
2346 444
5792 383
3448 115
21754 1011
728 2095
1632 560
5752 2030
7628 978
1247 317
7574 4637
31165 22135
5120 2433
99 575
3221 449
1430 6570
11469 30628
2883 983
15048 285
1160 109
10866 1532
3670 331
1174 449
481 630
377 546
2483 105
3882 5150
13151 345
6116 2623
1107 1429
1466 665
1012 588
2175 104
2735 10793
1110 336
1847 2433
1576 97
22260 328
18689 1234
297 14531
1367 629
736 1355
711 577
2564 554
781 1175
24528 103
2655 1328
831 315
18536 115
28443 412
1395 1172
788 279
5142 453
282 1296
2042 521
12460 15017
322 3520
121 2288
14597 707
4616 275
1211 855
4139 2864
22776 16195
1236 1784
2016 3162
2519 1595
639 98
415 6201
102 336
117 726
902 3263
117 1163
115 1108
500 877
6686 321
13157 370
9031 1628
2829 1760
1736 1497
1911 1345
831 345
8961 10532
2802 1381
280 1802
5730 363
1351 22602
997 258
1855 1380
2747 941
1464 2169
4318 789
4104 1864
18146 366
317 2909
4798 24171
120 18982
2398 101
486 307
97 17992
834 448
3484 2920
394 328
8122 712
2919 720
97 2343
262 6664
435 1062
5068 428
380 378
5900 1415
912 2307
1041 1110
1199 492
383 2567
1062 345
2553 3112
18585 12561
5579 680
7304 115
612 4589
5730 324
295 6624
14532 342
113 373
2297 1730
685 116
932 5203
692 367
1817 421
977 1730
2435 339
21509 687
676 2243
2544 2261
268 789
14156 1412
1982 316
1144 317
1018 109
3812 773
2318 445
842 1598
16112 10528
111 13277
116 928
1859 6424
456 111
1131 17196
5142 298
18566 105
400 283
2404 263
20284 1770
645 316
367 614
315 1947
2563 306
851 11815
673 292
793 279
1016 1437
467 283
3196 1592
12896 5713
2444 104
11522 295
673 288
280 2013
266 2581
110 783
1632 27572
1048 116
589 1811
8483 546
25882 787
7932 394
6968 1475
692 339
363 433
486 486
2265 7365
1281 444
16922 4702
14742 275
1084 112
7113 3087
15832 453
116 1004
360 3645
1086 927
10852 843
28129 898
3657 267
7845 496
632 14314
744 3980
1125 582
419 4519
1622 97
10123 570
3512 1404
4618 275
1283 275
1650 116
598 8311
604 98
3047 10320
535 1900
5018 318
5226 315
2748 16332
4366 3825
2355 927
350 113
1500 855
20309 120
1751 6118
3890 5981
970 514
11864 521
395 1082
11192 275
350 119
5542 438
257 712
3123 1519
3623 2384
2585 354
546 1402
1535 24069
675 328
11841 108
704 5389
3822 423
7127 1670
2394 284
360 970
1511 28884
4868 1328
272 970
277 350
112 1753
2009 321
4364 531
1637 1063
362 24509
8837 11511
721 5865
3315 2385
535 4124
297 882
20307 2305
788 1063
1114 350
6230 333
114 554
260 279
1578 101
4261 2609
704 5422
7398 789
3911 23253
4633 2166
864 110
3962 5625
4819 1167
708 3457
6546 496
863 14842
904 4203
758 1382
449 5943
298 438
24816 575
3876 103
10952 769
3625 1028
2546 3908
1253 448
11794 1658
326 8193
1257 11874
27455 26609
5660 582
2896 1009
677 17808
6168 119
3430 521
1917 2939
705 3717
12102 3120
4661 1103
119 5701
429 5382
5673 29412
2248 285
5243 411
810 277
487 2442
970 738
31728 362
1765 31729
2778 313
101 2014
4298 1250
1930 368
1232 23157
28376 334
16802 373
20007 22505
445 112
18438 2065
324 1672
5938 1028
3116 554
